City_ID,City,Lat,Lng,Max Temp,Humidity,Cloudiness,Wind Speed,Country,Date
0,Quatre Cocos,-20.2078,57.7625,69.1,66,29,18.95,MU,2022-07-18 01:24:07
1,Lang Son,21.8333,106.7333,84.24,80,100,4.21,VN,2022-07-18 01:24:08
2,Nabire,-3.3667,135.4833,79.47,85,57,2.01,ID,2022-07-18 01:24:08
3,Busselton,-33.65,115.3333,55.47,85,59,13.44,AU,2022-07-18 01:24:08
4,Belyy Yar,53.6039,91.3903,66.85,77,0,8.95,RU,2022-07-18 01:24:09
5,Yumen,40.2833,97.2,75.78,29,100,21.32,CN,2022-07-18 01:24:09
6,Leningradskiy,69.3833,178.4167,33.01,90,98,21.83,RU,2022-07-18 01:22:40
7,Ankara,39.9199,32.8543,64.2,70,0,8.05,TR,2022-07-18 01:24:10
8,Panaba,21.2833,-88.2667,81.14,73,5,10.78,MX,2022-07-18 01:21:20
9,Coquimbo,-29.9533,-71.3436,51.53,81,0,6.91,CL,2022-07-18 01:24:10
10,Rikitea,-23.1203,-134.9692,73.78,80,100,14.45,PF,2022-07-18 01:24:11
11,Klaksvik,62.2266,-6.589,52.72,87,52,20.15,FO,2022-07-18 01:24:11
12,Mataura,-46.1927,168.8643,56.48,58,89,14.74,NZ,2022-07-18 01:24:12
13,Hobart,-42.8794,147.3294,43.27,75,40,17.27,AU,2022-07-18 01:20:08
14,Kapaa,22.0752,-159.319,84.52,76,75,13.8,US,2022-07-18 01:24:12
15,Georgetown,5.4112,100.3354,84.13,92,20,3.44,MY,2022-07-18 01:21:29
16,Cherskiy,68.75,161.3,47.55,45,93,15.66,RU,2022-07-18 01:24:13
17,Avarua,-21.2078,-159.775,75.25,73,75,11.5,CK,2022-07-18 01:24:13
18,Bethel,41.3712,-73.414,76.64,84,100,3.83,US,2022-07-18 01:22:37
19,Darasti-Ilfov,44.3089,26.0183,69.17,50,0,17.09,RO,2022-07-18 01:24:14
20,Weinan,34.5036,109.5089,83.57,42,100,3.18,CN,2022-07-18 01:24:15
21,Khatanga,71.9667,102.5,60.51,57,100,4.16,RU,2022-07-18 01:24:15
22,Mehamn,71.0357,27.8492,51.75,87,100,3.44,NO,2022-07-18 01:21:24
23,Nome,64.5011,-165.4064,55.47,71,100,16.11,US,2022-07-18 01:24:16
24,Airai,-8.9266,125.4092,64.49,61,7,2.8,TL,2022-07-18 01:24:16
25,Hailey,43.5196,-114.3153,86.99,43,40,8.99,US,2022-07-18 01:24:16
26,Tasiilaq,65.6145,-37.6368,39.36,81,70,4.27,GL,2022-07-18 01:24:17
27,Kjollefjord,70.9457,27.3465,51.62,87,100,3.44,NO,2022-07-18 01:24:17
28,Geraldton,-28.7667,114.6,57.61,94,75,8.05,AU,2022-07-18 01:19:19
29,Manaure,11.7751,-72.4445,81.72,77,10,20.76,CO,2022-07-18 01:24:18
30,Cairns,-16.9167,145.7667,80.11,69,53,12.66,AU,2022-07-18 01:24:18
31,Kodiak,57.79,-152.4072,60.31,63,100,5.75,US,2022-07-18 01:24:19
32,Palmer,42.1584,-72.3287,76.55,75,75,6.91,US,2022-07-18 01:24:19
33,Hirara,24.8,125.2833,89.46,74,75,23.02,JP,2022-07-18 01:19:24
34,Hithadhoo,-0.6,73.0833,82.31,70,100,10.71,MV,2022-07-18 01:24:20
35,Raga,8.4596,25.678,68.41,97,100,4.27,SS,2022-07-18 01:24:20
36,Cayenne,4.9333,-52.3333,83.08,1,0,1.01,GF,2022-07-18 01:24:21
37,Great Bend,38.3645,-98.7648,87.93,55,0,10.36,US,2022-07-18 01:23:03
38,Saint-Joseph,-21.3667,55.6167,66.58,79,22,12.19,RE,2022-07-18 01:19:26
39,Qaanaaq,77.484,-69.3632,45.3,66,92,3.0,GL,2022-07-18 01:19:47
40,Atuona,-9.8,-139.0333,78.22,77,22,19.35,PF,2022-07-18 01:24:22
41,Monkey Bay,-14.0728,34.9201,67.98,67,92,14.34,MW,2022-07-18 01:24:22
42,Alofi,-19.0595,-169.9187,78.69,78,14,19.57,NU,2022-07-18 01:24:23
43,Putina,-15.4667,-69.4333,43.66,75,10,9.06,PE,2022-07-18 01:24:23
44,Okhotsk,59.3833,143.3,62.31,81,100,6.38,RU,2022-07-18 01:24:23
45,Chumikan,54.7183,135.315,53.82,95,100,6.26,RU,2022-07-18 01:25:24
46,Margate,51.3813,1.3862,68.31,78,43,1.99,GB,2022-07-18 01:25:24
47,Kutum,14.2,24.6667,78.33,53,100,5.41,SD,2022-07-18 01:25:24
48,Constitucion,-35.3333,-72.4167,48.7,90,100,8.12,CL,2022-07-18 01:22:11
49,Chuy,-33.6971,-53.4616,42.85,87,14,8.08,UY,2022-07-18 01:25:25
50,Cape Town,-33.9258,18.4232,59.88,89,75,10.36,ZA,2022-07-18 01:25:25
51,Severo-Kurilsk,50.6789,156.125,56.28,93,100,0.69,RU,2022-07-18 01:23:58
52,Vaini,-21.2,-175.2,78.96,89,40,9.22,TO,2022-07-18 01:25:26
53,Albany,42.6001,-73.9662,81.01,67,100,4.52,US,2022-07-18 01:23:24
54,North Bend,43.4065,-124.2243,67.91,83,0,19.57,US,2022-07-18 01:25:26
55,Santa Cruz,-17.8,-63.1667,54.86,88,100,3.44,BO,2022-07-18 01:25:27
56,Port Alfred,-33.5906,26.891,66.83,38,0,10.94,ZA,2022-07-18 01:25:27
57,Sindor,62.8629,51.8905,61.83,63,64,2.66,RU,2022-07-18 01:25:27
58,Petropavlovka,50.6114,105.3196,69.85,61,88,2.3,RU,2022-07-18 01:25:28
59,Juneau,58.3019,-134.4197,57.22,96,100,19.57,US,2022-07-18 01:20:31
60,Punta Arenas,-53.15,-70.9167,33.91,86,20,27.63,CL,2022-07-18 01:25:28
61,Bilibino,68.0546,166.4372,38.68,60,100,23.89,RU,2022-07-18 01:25:29
62,Coos Bay,43.3665,-124.2179,67.98,84,0,19.57,US,2022-07-18 01:25:29
63,Mananjary,-21.2167,48.3333,67.21,82,100,6.87,MG,2022-07-18 01:25:30
64,Bluff,-46.6,168.3333,56.8,70,94,24.58,NZ,2022-07-18 01:25:30
65,Jamestown,42.097,-79.2353,69.39,98,100,5.75,US,2022-07-18 01:23:17
66,Ushuaia,-54.8,-68.3,35.26,87,75,17.27,AR,2022-07-18 01:23:42
67,Conde,-7.2597,-34.9075,71.06,94,20,2.3,BR,2022-07-18 01:25:31
68,Bredasdorp,-34.5322,20.0403,52.21,88,1,4.16,ZA,2022-07-18 01:22:46
69,Fort Nelson,58.8053,-122.7002,76.59,44,75,0.0,CA,2022-07-18 01:25:32
70,Paragominas,-2.9667,-47.4833,74.59,70,29,3.38,BR,2022-07-18 01:25:32
71,Iracoubo,5.4802,-53.2011,77.52,84,19,6.96,GF,2022-07-18 01:25:33
72,Gao,16.6362,1.637,82.0,60,100,14.94,ML,2022-07-18 01:25:33
73,Hilo,19.7297,-155.09,91.27,82,75,11.5,US,2022-07-18 01:24:02
74,Saint-Pierre,-21.3393,55.4781,67.91,67,40,12.66,RE,2022-07-18 01:21:51
75,Stranda,62.3096,6.9358,57.56,81,100,5.23,NO,2022-07-18 01:25:34
76,Lufilufi,-13.8745,-171.5986,78.58,76,44,22.55,WS,2022-07-18 01:25:34
77,Bambous Virieux,-20.3428,57.7575,69.22,77,40,12.66,MU,2022-07-18 01:22:18
78,Dogondoutchi,13.6393,4.0287,83.05,65,100,10.13,NE,2022-07-18 01:25:35
79,Tuktoyaktuk,69.4541,-133.0374,68.0,60,75,13.8,CA,2022-07-18 01:25:35
80,Synya,65.3718,58.0387,61.9,83,84,2.51,RU,2022-07-18 01:25:35
81,New Norfolk,-42.7826,147.0587,42.93,77,42,1.01,AU,2022-07-18 01:25:36
82,Nikolskoye,59.7035,30.7861,53.49,98,100,4.83,RU,2022-07-18 01:22:40
83,La Palma,33.8464,-118.0467,89.4,72,0,10.36,US,2022-07-18 01:25:37
84,Dikson,73.5069,80.5464,44.33,78,87,8.21,RU,2022-07-18 01:25:37
85,Kungurtug,50.5994,97.5228,67.6,39,88,1.01,RU,2022-07-18 01:25:38
86,Sitka,57.0531,-135.33,57.09,88,100,4.61,US,2022-07-18 01:23:34
87,Saint Charles,38.7667,-90.7335,77.92,89,100,4.61,US,2022-07-18 01:24:31
88,Hermanus,-34.4187,19.2345,50.81,82,2,6.58,ZA,2022-07-18 01:25:38
89,Sao Gabriel Da Cachoeira,-0.1303,-67.0892,76.84,82,16,1.81,BR,2022-07-18 01:25:39
90,Vieksniai,56.2333,22.5167,51.76,95,100,7.18,LT,2022-07-18 01:25:39
91,Ponta Do Sol,32.6667,-17.1,72.01,81,21,3.33,PT,2022-07-18 01:25:39
92,Arlit,18.7369,7.3853,90.64,34,2,9.6,NE,2022-07-18 01:23:20
93,Buin,-33.7333,-70.75,53.87,54,100,2.46,CL,2022-07-18 01:26:40
94,Marystown,47.1666,-55.1483,63.86,100,100,5.99,CA,2022-07-18 01:26:40
95,Lander,42.833,-108.7307,100.11,12,0,6.91,US,2022-07-18 01:26:41
96,Lompoc,34.6391,-120.4579,88.02,75,0,17.27,US,2022-07-18 01:26:41
97,Lodwar,3.1191,35.5973,77.59,50,10,17.31,KE,2022-07-18 01:26:41
98,Guiberoua,6.2392,-6.1727,68.54,99,96,3.44,CI,2022-07-18 01:26:42
99,Barrow,71.2906,-156.7887,42.82,81,40,16.11,US,2022-07-18 01:26:42
100,Haines Junction,60.7522,-137.5108,62.55,48,100,9.22,CA,2022-07-18 01:26:43
101,Antalaha,-14.9003,50.2788,66.11,88,17,8.19,MG,2022-07-18 01:26:43
102,Port Macquarie,-31.4333,152.9167,68.9,44,0,8.9,AU,2022-07-18 01:25:53
103,Sao Filipe,14.8961,-24.4956,74.3,81,89,12.8,CV,2022-07-18 01:26:44
104,Labuhan,-6.8844,112.2051,77.67,82,65,8.25,ID,2022-07-18 01:26:44
105,Utiel,39.5667,-1.2,69.85,51,0,3.56,ES,2022-07-18 01:26:45
106,Sioux Lookout,50.1001,-91.917,78.87,61,75,5.75,CA,2022-07-18 01:26:45
107,Niksar,40.5917,36.9517,65.88,96,100,4.45,TR,2022-07-18 01:26:46
108,Chiredzi,-21.05,31.6667,55.45,81,7,0.83,ZW,2022-07-18 01:26:46
109,Sao Joao Da Barra,-21.6403,-41.0511,72.19,85,97,19.55,BR,2022-07-18 01:26:46
110,Ancud,-41.8697,-73.8203,41.23,74,5,6.71,CL,2022-07-18 01:26:47
111,Bochil,16.9833,-92.9167,73.36,97,48,3.8,MX,2022-07-18 01:26:47
112,Romans-Sur-Isere,45.0464,5.0562,70.84,68,98,2.86,FR,2022-07-18 01:26:48
113,Olga,43.7444,135.2892,70.09,67,81,4.32,RU,2022-07-18 01:26:48
114,Vila Velha,-20.3297,-40.2925,73.35,86,0,5.75,BR,2022-07-18 01:26:48
115,San Juan,-31.5375,-68.5364,50.31,25,0,3.4,AR,2022-07-18 01:26:49
116,Kattivakkam,13.2167,80.3167,82.49,87,95,13.58,IN,2022-07-18 01:25:06
117,Amapa,1.0,-52.0,71.8,99,5,3.24,BR,2022-07-18 01:26:49
118,Urumqi,43.801,87.6005,83.35,21,20,15.66,CN,2022-07-18 01:24:01
119,Esperance,-33.8667,121.9,53.87,89,100,20.13,AU,2022-07-18 01:26:51
120,Nizhnevartovsk,60.9344,76.5531,57.22,100,0,2.24,RU,2022-07-18 01:26:51
121,Seoul,37.5683,126.9778,83.59,69,40,5.75,KR,2022-07-18 01:23:49
122,Pisco,-13.7,-76.2167,61.02,82,3,11.5,PE,2022-07-18 01:26:51
123,Nanortalik,60.1432,-45.2371,41.79,91,35,9.51,GL,2022-07-18 01:26:52
124,Provideniya,64.3833,-173.3,44.71,65,40,18.01,RU,2022-07-18 01:26:52
125,Iqaluit,63.7506,-68.5145,40.73,86,75,2.3,CA,2022-07-18 01:26:52
126,Chokurdakh,70.6333,147.9167,55.81,43,18,13.18,RU,2022-07-18 01:26:53
127,Mumford,5.2618,-0.759,73.53,86,27,8.37,GH,2022-07-18 01:26:53
128,Lac-Megantic,45.5834,-70.8823,67.55,88,87,1.5,CA,2022-07-18 01:25:37
129,Lagoa,39.05,-27.9833,70.18,94,0,9.84,PT,2022-07-18 01:26:54
130,Deputatskiy,69.3,139.9,58.8,51,88,2.39,RU,2022-07-18 01:26:54
131,Praxedis Guerrero,31.3667,-106.0167,98.06,16,0,14.74,MX,2022-07-18 01:26:55
132,Luderitz,-26.6481,15.1594,61.05,59,5,8.23,NA,2022-07-18 01:25:21
133,Tulsipur,28.131,82.2973,80.96,74,69,2.53,NP,2022-07-18 01:26:55
134,Broken Hill,-31.95,141.4333,51.78,45,4,9.64,AU,2022-07-18 01:26:56
135,Espinosa,-14.9261,-42.8192,65.98,64,0,6.31,BR,2022-07-18 01:26:56
136,Bubaque,11.2833,-15.8333,80.11,85,100,12.19,GW,2022-07-18 01:23:13
137,Puerto Quijarro,-17.7833,-57.7667,66.24,61,100,3.83,BO,2022-07-18 01:26:57
138,Souillac,-20.5167,57.5167,68.38,77,40,12.66,MU,2022-07-18 01:27:57
139,Salalah,17.0151,54.0924,77.09,94,100,6.91,OM,2022-07-18 01:27:58
140,San Policarpo,12.1791,125.5072,82.47,76,100,4.97,PH,2022-07-18 01:27:58
141,Roxana,10.2753,-83.7513,81.03,95,58,1.54,CR,2022-07-18 01:27:59
142,Kerouane,9.2667,-9.0167,70.5,97,100,6.33,GN,2022-07-18 01:27:59
143,Meulaboh,4.1363,96.1285,78.06,81,9,2.75,ID,2022-07-18 01:28:00
144,Serebryansk,49.6925,83.2892,63.23,84,100,4.85,KZ,2022-07-18 01:28:00
145,Acarau,-2.8856,-40.12,78.75,78,10,15.88,BR,2022-07-18 01:28:00
146,Mount Isa,-20.7333,139.5,74.97,35,0,9.22,AU,2022-07-18 01:28:01
147,Curup,-3.4667,102.5333,74.55,77,11,2.1,ID,2022-07-18 01:28:01
148,Saint-Jean-De-Luz,43.3891,-1.6581,77.97,76,0,5.75,FR,2022-07-18 01:28:02
149,Mountain Home,43.133,-115.6912,94.48,20,75,17.27,US,2022-07-18 01:28:02
150,Tuy Hoa,13.0833,109.3,83.64,71,99,11.32,VN,2022-07-18 01:26:55
151,Nemuro,43.3236,145.575,64.49,96,99,10.29,JP,2022-07-18 01:28:03
152,Kununurra,-15.7667,128.7333,76.98,29,23,3.44,AU,2022-07-18 01:28:03
153,Srandakan,-7.9386,110.2506,79.23,79,86,9.91,ID,2022-07-18 01:28:04
154,Berdychiv,49.8993,28.6024,49.33,95,7,8.59,UA,2022-07-18 01:28:04
155,Nelson Bay,-32.7167,152.15,62.11,56,0,15.99,AU,2022-07-18 01:28:05
156,Tura,25.5198,90.2201,78.49,86,47,4.88,IN,2022-07-18 01:28:05
157,Vardo,70.3705,31.1107,51.78,100,100,5.75,NO,2022-07-18 01:28:06
158,Yancheng,33.3856,120.1253,77.68,92,100,10.47,CN,2022-07-18 01:28:06
159,Malanje,-9.5402,16.341,63.28,46,38,3.67,AO,2022-07-18 01:28:07
160,Brokopondo,4.75,-55.1667,79.97,80,100,9.28,SR,2022-07-18 01:28:07
161,East London,-33.0153,27.9116,66.78,32,0,7.07,ZA,2022-07-18 01:28:08
162,Thompson,55.7435,-97.8558,73.56,56,75,11.5,CA,2022-07-18 01:28:08
163,Te Anau,-45.4167,167.7167,51.84,90,100,10.11,NZ,2022-07-18 01:28:09
164,Tiksi,71.6872,128.8694,39.24,70,100,7.16,RU,2022-07-18 01:28:09
165,Knysna,-34.0363,23.0471,58.96,82,0,0.76,ZA,2022-07-18 01:26:37
166,Camocim,-2.9022,-40.8411,79.25,78,1,15.7,BR,2022-07-18 01:28:10
167,Ribeira Grande,38.5167,-28.7,71.67,93,5,6.11,PT,2022-07-18 01:28:10
168,Jinxi,30.4323,116.2922,87.06,73,56,0.92,CN,2022-07-18 01:28:10
169,Tomelloso,39.1522,-3.0243,77.52,31,0,8.41,ES,2022-07-18 01:28:11
170,Saskylakh,71.9167,114.0833,53.71,42,100,10.8,RU,2022-07-18 01:28:11
171,Pedernales,18.0384,-71.744,81.37,75,5,12.24,DO,2022-07-18 01:28:12
172,Abu Samrah,35.3029,37.1841,73.47,64,0,7.58,SY,2022-07-18 01:28:12
173,Mahibadhoo,3.7833,72.9667,79.54,81,100,12.75,MV,2022-07-18 01:28:12
174,Maceio,-9.6658,-35.7353,72.84,88,20,2.3,BR,2022-07-18 01:23:46
175,Honiara,-9.4333,159.95,88.57,49,13,10.18,SB,2022-07-18 01:28:13
176,Copiapo,-27.3667,-70.3333,47.89,35,0,0.63,CL,2022-07-18 01:28:13
177,La Plaine,15.3333,-61.25,80.24,80,74,14.7,DM,2022-07-18 01:28:14
178,San Patricio,28.017,-97.5169,87.66,62,58,13.44,US,2022-07-18 01:28:14
179,Nizhniy Kuranakh,58.8353,125.4869,80.11,57,67,4.12,RU,2022-07-18 01:28:14
180,Praia,14.9215,-23.5087,75.74,69,20,11.5,CV,2022-07-18 01:28:15
181,Pearl,32.2746,-90.132,84.34,76,20,6.91,US,2022-07-18 01:28:15
182,Windhoek,-22.5594,17.0832,52.0,43,0,2.3,NA,2022-07-18 01:24:58
183,Impfondo,1.6381,18.0667,70.92,96,100,5.5,CG,2022-07-18 01:28:16
184,Batman,37.8874,41.1322,67.8,60,0,3.44,TR,2022-07-18 01:29:17
185,Lasem,-6.6922,111.4527,78.82,78,16,8.46,ID,2022-07-18 01:29:17
186,Mar Del Plata,-38.0023,-57.5575,53.1,52,0,13.8,AR,2022-07-18 01:29:18
187,Castro,-24.7911,-50.0119,60.06,97,100,4.12,BR,2022-07-18 01:29:18
188,Tomatlan,19.9333,-105.25,77.34,91,100,0.6,MX,2022-07-18 01:29:18
189,Tirumullaivasal,11.2333,79.8333,81.03,72,100,8.66,IN,2022-07-18 01:29:19
190,Arraial Do Cabo,-22.9661,-42.0278,71.1,90,5,14.61,BR,2022-07-18 01:28:29
191,Puerto Ayora,-0.7393,-90.3518,68.56,89,74,5.01,EC,2022-07-18 01:29:19
192,Yellowknife,62.456,-114.3525,66.72,77,75,0.0,CA,2022-07-18 01:26:25
193,Villa Rica,33.7321,-84.9191,84.94,84,98,3.36,US,2022-07-18 01:28:48
194,Kieta,-6.2167,155.6333,85.75,62,9,7.25,PG,2022-07-18 01:29:20
195,Florin,38.496,-121.4088,105.46,19,0,12.66,US,2022-07-18 01:29:21
196,Naze,28.3667,129.4833,79.72,87,100,18.28,JP,2022-07-18 01:29:21
197,Lavrentiya,65.5833,-171.0,34.12,89,100,27.58,RU,2022-07-18 01:26:42
198,Isangel,-19.55,169.2667,80.71,78,75,2.3,VU,2022-07-18 01:29:22
199,Fairbanks,64.8378,-147.7164,67.96,66,75,10.36,US,2022-07-18 01:27:13
200,Port Elizabeth,-33.918,25.5701,64.31,89,0,10.36,ZA,2022-07-18 01:29:22
201,Upernavik,72.7868,-56.1549,40.26,92,41,11.25,GL,2022-07-18 01:29:23
202,Oriximina,-1.7656,-55.8661,78.93,66,30,3.0,BR,2022-07-18 01:29:23
203,Sambava,-14.2667,50.1667,68.94,82,5,12.08,MG,2022-07-18 01:29:24
204,Usinsk,65.9939,57.5281,63.84,85,97,1.19,RU,2022-07-18 01:29:24
205,Kavieng,-2.5744,150.7967,84.88,71,97,13.91,PG,2022-07-18 01:29:25
206,Marawi,7.9986,124.2928,73.9,88,100,1.99,PH,2022-07-18 01:29:25
207,Andros Town,24.7,-77.7667,80.56,79,25,16.87,BS,2022-07-18 01:29:25
208,Bengkulu,-3.8004,102.2655,78.67,76,9,3.58,ID,2022-07-18 01:29:26
209,Butaritari,3.0707,172.7902,82.35,73,11,13.09,KI,2022-07-18 01:29:26
210,Kamina,-8.7386,24.9906,57.24,51,8,5.12,CD,2022-07-18 01:29:27
211,Bolgar,54.95,49.0667,65.26,85,56,5.03,RU,2022-07-18 01:29:27
212,Kovur,14.4833,79.9833,83.07,66,100,10.0,IN,2022-07-18 01:29:28
213,Waipawa,-41.4122,175.5153,52.32,74,83,17.38,NZ,2022-07-18 01:29:28
214,Lazaro Cardenas,17.9583,-102.2,82.33,77,71,4.32,MX,2022-07-18 01:29:29
215,Sorland,67.667,12.6934,51.66,87,100,17.05,NO,2022-07-18 01:29:30
216,Contai,21.7786,87.7536,83.23,81,39,14.23,IN,2022-07-18 01:29:30
217,Vuktyl,63.8567,57.3094,60.89,87,16,0.65,RU,2022-07-18 01:29:31
218,Jasrana,27.25,78.6833,92.25,46,13,8.16,IN,2022-07-18 01:29:31
219,Saint George,37.1041,-113.5841,78.87,55,100,14.0,US,2022-07-18 01:25:26
220,Yima,34.7381,111.8839,83.57,47,99,4.59,CN,2022-07-18 01:29:32
221,College,64.8569,-147.8028,67.95,66,75,10.36,US,2022-07-18 01:29:32
222,Narsaq,60.9167,-46.05,52.02,83,43,1.52,GL,2022-07-18 01:29:32
223,Carutapera,-1.195,-46.02,75.47,91,5,5.64,BR,2022-07-18 01:29:33
224,The Valley,18.217,-63.0578,82.81,77,3,18.81,AI,2022-07-18 01:29:33
225,Anadyr,64.75,177.4833,48.7,42,40,29.08,RU,2022-07-18 01:29:34
226,Iquitos,-3.7481,-73.2472,75.24,100,40,2.3,PE,2022-07-18 01:29:34
227,Faanui,-16.4833,-151.75,76.69,72,40,14.47,PF,2022-07-18 01:29:36
228,Tandalti,13.0167,31.8667,81.86,62,84,4.52,SD,2022-07-18 01:29:37
229,Vila Franca Do Campo,37.7167,-25.4333,74.19,87,70,5.37,PT,2022-07-18 01:29:37
230,Kathmandu,27.7167,85.3167,73.62,94,75,3.44,NP,2022-07-18 01:28:18
231,Tezu,27.9167,96.1667,80.56,95,73,2.66,IN,2022-07-18 01:30:38
232,Maniitsoq,65.4167,-52.9,42.33,95,100,15.73,GL,2022-07-18 01:30:38
233,Goya,-29.14,-59.2626,44.76,89,0,5.46,AR,2022-07-18 01:30:39
234,Port Moresby,-9.4431,147.1797,83.62,74,40,11.5,PG,2022-07-18 01:30:39
235,Yilan,24.757,121.753,91.26,54,100,4.43,TW,2022-07-18 01:30:40
236,Ahar,38.4774,47.0699,65.98,49,0,4.07,IR,2022-07-18 01:30:40
237,Dingle,10.9995,122.6711,75.24,96,100,3.27,PH,2022-07-18 01:30:41
238,Torbat-E Jam,35.244,60.6225,81.46,14,0,16.35,IR,2022-07-18 01:30:41
239,Hamilton,39.1834,-84.5333,74.71,96,100,8.05,US,2022-07-18 01:27:54
240,Qandala,11.472,49.8728,88.07,47,77,14.36,SO,2022-07-18 01:30:42
241,Harer,9.3094,42.1258,56.88,86,76,7.4,ET,2022-07-18 01:30:43
242,Cabo San Lucas,22.8909,-109.9124,90.7,54,0,4.61,MX,2022-07-18 01:30:43
243,Paamiut,61.994,-49.6678,43.92,84,100,1.34,GL,2022-07-18 01:30:44
244,Itarema,-2.9248,-39.9167,78.3,79,9,14.52,BR,2022-07-18 01:30:44
245,Caravelas,-17.7125,-39.2481,70.11,88,5,5.17,BR,2022-07-18 01:30:45
246,Kuzhorskaya,44.6751,40.3103,66.15,81,100,6.04,RU,2022-07-18 01:30:45
247,Atar,20.5169,-13.0499,91.67,31,71,8.46,MR,2022-07-18 01:30:46
248,South Lake Tahoe,38.9332,-119.9844,87.8,33,0,12.66,US,2022-07-18 01:30:46
249,Garden City,42.3256,-83.331,75.15,84,100,3.44,US,2022-07-18 01:26:14
250,Severnoye,56.3491,78.3619,57.7,87,64,8.86,RU,2022-07-18 01:30:47
251,Alyangula,-13.8483,136.4192,77.38,62,100,9.75,AU,2022-07-18 01:30:48
252,Kalengwa,-13.4659,25.0027,44.73,67,4,5.14,ZM,2022-07-18 01:30:48
253,Port Lincoln,-34.7333,135.8667,54.09,64,100,7.16,AU,2022-07-18 01:28:06
254,Aden,12.7794,45.0367,82.81,79,88,5.68,YE,2022-07-18 01:26:10
255,Suntar,62.1444,117.6319,68.47,58,80,5.08,RU,2022-07-18 01:30:49
256,Lokosovo,61.1333,74.8167,63.82,59,64,9.71,RU,2022-07-18 01:30:50
257,Caruray,10.3094,119.0128,81.27,80,100,4.07,PH,2022-07-18 01:30:50
258,Bintulu,3.1667,113.0333,81.01,88,20,2.3,MY,2022-07-18 01:30:51
259,Saint-Philippe,-21.3585,55.7679,67.59,86,65,16.6,RE,2022-07-18 01:30:52
260,Tonota,-21.4833,27.4833,51.49,84,0,7.74,BW,2022-07-18 01:30:52
261,Batemans Bay,-35.7167,150.1833,55.09,35,0,5.12,AU,2022-07-18 01:30:53
262,Portland,45.5234,-122.6762,74.41,50,20,13.8,US,2022-07-18 01:30:53
263,Asau,46.4333,26.4,54.52,74,20,4.07,RO,2022-07-18 01:30:54
264,Twentynine Palms,34.1356,-116.0542,107.13,18,30,8.99,US,2022-07-18 01:30:54
265,Lebu,-37.6167,-73.65,47.46,67,99,7.25,CL,2022-07-18 01:30:55
266,Pitimbu,-7.4706,-34.8086,72.19,78,8,12.3,BR,2022-07-18 01:30:55
267,Sulina,45.1559,29.6536,62.44,60,85,13.38,RO,2022-07-18 01:30:56
268,Bulolo,-7.2,146.65,83.03,66,87,2.71,PG,2022-07-18 01:30:56
269,Teguldet,57.3064,88.1667,52.32,97,100,10.18,RU,2022-07-18 01:30:57
270,Khatima,28.9167,79.9667,90.45,55,94,6.49,IN,2022-07-18 01:30:57
271,Longyearbyen,78.2186,15.6401,58.84,67,75,19.57,SJ,2022-07-18 01:30:57
272,Lata,40.1629,-8.3327,61.88,90,90,1.45,PT,2022-07-18 01:30:58
273,Aranda De Duero,41.6704,-3.6892,75.24,24,0,6.13,ES,2022-07-18 01:30:58
274,Turukhansk,65.8167,87.9833,61.56,55,91,7.16,RU,2022-07-18 01:30:59
275,Tlacotepec,20.0667,-97.8667,63.77,94,60,0.89,MX,2022-07-18 01:30:59
276,Wollongong,-34.4333,150.8833,58.06,46,1,13.76,AU,2022-07-18 01:30:29
277,Hasaki,35.7333,140.8333,91.29,77,96,1.92,JP,2022-07-18 04:54:58
278,Markova,48.6758,24.4138,58.73,52,35,3.49,UA,2022-07-18 04:54:58
279,Hobyo,5.3505,48.5268,78.53,70,89,26.42,SO,2022-07-18 04:54:59
280,Waw,7.7029,27.9953,70.27,97,100,1.03,SS,2022-07-18 04:54:59
281,Sawakin,19.1059,37.3321,89.78,43,98,4.14,SD,2022-07-18 04:54:59
282,Marsh Harbour,26.5412,-77.0636,82.29,82,55,15.97,BS,2022-07-18 04:55:00
283,Gazojak,41.1875,61.4036,97.77,14,0,16.42,TM,2022-07-18 04:55:00
284,Oktyabrskoye,43.0645,44.7417,77.14,54,5,6.71,RU,2022-07-18 04:55:00
285,Lasa,46.6166,10.7002,64.36,69,40,3.2,IT,2022-07-18 04:55:01
286,Salekhard,66.53,66.6019,71.29,45,73,6.08,RU,2022-07-18 04:55:02
287,Ucluelet,48.9329,-125.5528,58.08,89,5,5.35,CA,2022-07-18 04:55:02
288,Beira,-19.8436,34.8389,64.49,100,40,9.1,MZ,2022-07-18 04:55:02
289,Saldanha,-33.0117,17.9442,51.85,92,0,6.46,ZA,2022-07-18 04:55:03
290,Tuatapere,-46.1333,167.6833,52.47,92,100,7.11,NZ,2022-07-18 04:52:22
291,Olafsvik,64.8945,-23.7142,50.38,83,96,7.16,IS,2022-07-18 04:55:03
292,Bakchar,57.0186,82.0711,64.33,67,13,10.74,RU,2022-07-18 04:55:04
293,Bolshaya Rechka,51.9503,104.7355,77.27,52,69,6.02,RU,2022-07-18 04:55:06
294,Bukachacha,52.9833,116.9167,73.9,64,99,5.1,RU,2022-07-18 04:55:06
295,Svetlyy,54.675,20.1347,59.97,85,100,13.91,RU,2022-07-18 04:55:07
296,Sayansk,54.1088,102.1648,77.05,43,61,6.62,RU,2022-07-18 04:55:07
297,Zhangjiakou,40.81,114.8794,86.5,20,4,11.34,CN,2022-07-18 04:52:34
298,Ola,59.5833,151.2833,75.15,85,78,7.63,RU,2022-07-18 04:52:22
299,Sakakah,29.9697,40.2064,89.17,14,2,4.29,SA,2022-07-18 04:55:08
300,Abbeville,50.1,1.8333,62.49,29,45,6.73,FR,2022-07-18 04:52:10
301,Nurobod,40.9056,69.8023,94.71,11,0,6.73,UZ,2022-07-18 04:55:08
302,Talnakh,69.4865,88.3972,63.21,48,91,1.21,RU,2022-07-18 04:55:09
303,Benghazi,32.1167,20.0667,80.38,72,0,19.39,LY,2022-07-18 04:55:09
304,Bayangol,50.6977,103.4656,80.62,33,67,4.76,RU,2022-07-18 04:55:10
305,Flin Flon,54.7682,-101.865,64.58,65,72,3.8,CA,2022-07-18 04:55:10
306,Aksu,41.1231,80.2644,88.84,19,0,3.06,CN,2022-07-18 04:55:10
307,Marzuq,14.4,46.4667,85.98,26,58,3.87,YE,2022-07-18 04:55:10
308,Ahipara,-35.1667,173.1667,56.84,81,100,10.47,NZ,2022-07-18 04:55:11
309,Inirida,3.8653,-67.9239,73.72,98,96,2.71,CO,2022-07-18 04:55:11
310,Guantanamo,20.1444,-75.2092,75.96,88,4,4.38,CU,2022-07-18 04:55:12
311,Ryotsu,38.0833,138.4333,80.76,70,53,11.81,JP,2022-07-18 04:55:12
312,Ulladulla,-35.35,150.4667,58.53,39,14,5.39,AU,2022-07-18 04:51:10
313,Nakusp,50.2499,-117.8023,64.74,72,45,2.3,CA,2022-07-18 04:55:12
314,Codrington,-38.2667,141.9667,49.93,68,100,12.08,AU,2022-07-18 04:55:13
315,Zhigansk,66.7697,123.3711,57.78,86,100,9.06,RU,2022-07-18 04:55:13
316,Dutlwe,-23.9833,23.9,46.89,83,1,8.1,BW,2022-07-18 04:55:13
317,Kushmurun,52.4503,64.6311,75.9,64,92,7.94,KZ,2022-07-18 04:55:14
318,Tarata,-17.6167,-66.0167,51.22,76,30,4.43,BO,2022-07-18 04:55:14
319,Minab,27.1467,57.0801,93.52,70,100,0.0,IR,2022-07-18 04:55:14
320,Santiago Del Estero,-27.7951,-64.2615,47.12,46,0,7.96,AR,2022-07-18 04:56:15
321,Beringovskiy,63.05,179.3167,51.69,40,9,16.08,RU,2022-07-18 04:56:15
322,Kuybysheve,47.358,36.6491,63.01,57,17,13.65,UA,2022-07-18 04:56:15
323,Mount Gambier,-37.8333,140.7667,50.74,59,74,8.46,AU,2022-07-18 04:52:22
324,Mao,39.8885,4.2658,72.16,78,0,0.0,ES,2022-07-18 04:56:16
325,Bandarbeyla,9.4942,50.8122,82.24,53,98,31.83,SO,2022-07-18 04:56:16
326,Banda Aceh,5.5577,95.3222,86.47,64,28,8.05,ID,2022-07-18 04:55:03
327,Padang,-0.9492,100.3543,86.05,55,26,5.32,ID,2022-07-18 04:56:17
328,Namibe,-15.1961,12.1522,62.85,85,5,4.21,AO,2022-07-18 04:54:18
329,Aklavik,68.2191,-135.0107,69.78,51,97,7.31,CA,2022-07-18 04:56:17
330,Pestovo,58.5938,35.8024,60.3,67,15,2.01,RU,2022-07-18 04:56:18
331,Lamu,-2.2717,40.902,75.42,74,8,13.58,KE,2022-07-18 04:54:18
332,Homer,59.6425,-151.5483,57.09,70,100,10.36,US,2022-07-18 04:56:18
333,Mattawa,46.7379,-119.9028,66.2,43,0,22.79,US,2022-07-18 04:56:18
334,Valdivia,-39.8142,-73.2459,32.09,96,57,1.19,CL,2022-07-18 04:56:19
335,Muros,42.7762,-9.0603,64.69,95,93,4.25,ES,2022-07-18 04:56:19
336,Zaria,11.1113,7.7227,67.66,95,92,6.26,NG,2022-07-18 04:56:19
337,Vanimo,-2.6741,141.3028,83.03,73,89,6.8,PG,2022-07-18 04:56:20
338,Pevek,69.7008,170.3133,32.2,88,98,17.92,RU,2022-07-18 04:56:20
339,Guerrero Negro,27.9769,-114.0611,68.47,79,0,11.07,MX,2022-07-18 04:56:21
340,Cap Malheureux,-19.9842,57.6142,71.47,71,51,11.01,MU,2022-07-18 04:56:21
341,Tilichiki,60.4667,166.1,63.27,61,98,12.3,RU,2022-07-18 04:56:21
342,Komsomolskiy,40.4272,71.7189,93.92,20,0,4.61,UZ,2022-07-18 04:56:22
343,Bathsheba,13.2167,-59.5167,81.05,87,5,17.38,BB,2022-07-18 04:56:22
344,Baikunthpur,23.25,82.55,84.47,65,81,10.25,IN,2022-07-18 04:56:22
345,Dunedin,-45.8742,170.5036,62.8,35,94,10.0,NZ,2022-07-18 04:56:23
346,Sabha,27.0377,14.4283,74.41,29,0,11.45,LY,2022-07-18 04:56:23
347,Kimbe,-5.5502,150.1429,86.34,73,64,1.16,PG,2022-07-18 04:56:23
348,Kiunga,-6.1219,141.2906,81.79,83,100,1.97,PG,2022-07-18 04:56:24
349,Magole,-6.3667,37.3667,67.21,70,16,0.27,TZ,2022-07-18 04:56:24
350,Steamboat Springs,40.485,-106.8317,74.7,51,0,3.44,US,2022-07-18 04:55:02
351,Omboue,-1.5746,9.2618,69.28,91,8,3.85,GA,2022-07-18 04:56:25
352,Godalming,51.1846,-0.6173,65.98,66,90,1.14,GB,2022-07-18 04:56:25
353,Broome,42.2506,-75.833,73.2,86,100,5.01,US,2022-07-18 04:56:25
354,Seaside,36.6111,-121.8516,59.83,88,31,3.0,US,2022-07-18 04:56:26
355,Labytnangi,66.6572,66.4183,71.2,45,67,5.35,RU,2022-07-18 04:56:26
356,Labrea,-7.2586,-64.7981,73.13,92,38,1.43,BR,2022-07-18 04:56:26
357,Kloulklubed,7.0419,134.2556,82.9,71,91,6.8,PW,2022-07-18 04:56:27
358,Werota,11.9167,37.7,62.58,86,100,4.59,ET,2022-07-18 04:56:27
359,Pangnirtung,66.1451,-65.7125,48.78,73,65,1.23,CA,2022-07-18 04:56:27
360,Poltavka,54.3663,71.7632,73.49,42,26,8.37,RU,2022-07-18 04:56:28
361,Buchanan,5.8808,-10.0467,75.4,87,100,13.09,LR,2022-07-18 04:56:28
362,Awjilah,29.1081,21.2869,76.91,44,0,7.14,LY,2022-07-18 04:56:28
363,Saint-Paul,-21.0096,55.2707,69.37,70,7,3.18,RE,2022-07-18 04:56:29
364,Dzheguta,43.9671,42.0426,65.62,90,99,2.46,RU,2022-07-18 04:56:29
365,Umm Kaddadah,13.6017,26.6876,82.17,60,57,11.16,SD,2022-07-18 04:57:29
366,Kirensk,57.7853,108.1119,78.42,43,7,1.92,RU,2022-07-18 04:57:30
367,Ayagoz,47.9714,80.4392,71.51,48,82,18.32,KZ,2022-07-18 04:57:30
368,Verkhoyansk,67.5447,133.385,71.11,51,76,4.07,RU,2022-07-18 04:57:30
369,Mana,5.6592,-53.7767,75.94,88,78,6.15,GF,2022-07-18 04:57:31
370,Xihua,33.7833,114.5167,98.4,34,89,3.02,CN,2022-07-18 04:57:31
371,Doka,13.5167,35.7667,74.23,74,100,7.63,SD,2022-07-18 04:57:31
372,Keighley,53.8679,-1.9066,69.33,56,0,8.05,GB,2022-07-18 04:57:32
373,Bontang,0.1333,117.5,81.88,74,93,5.7,ID,2022-07-18 04:57:32
374,Hofn,64.2539,-15.2082,51.51,81,100,6.71,IS,2022-07-18 04:57:32
375,Shieli,44.1667,66.75,92.44,26,0,18.07,KZ,2022-07-18 04:57:33
376,Harper,4.375,-7.7169,74.5,83,80,11.21,LR,2022-07-18 04:57:33
377,Husavik,66.0449,-17.3389,45.75,89,52,2.48,IS,2022-07-18 04:57:33
378,Dingzhou,38.5131,114.9956,93.31,28,69,3.29,CN,2022-07-18 04:57:34
379,Saint-Augustin,51.226,-58.6502,57.78,93,84,7.36,CA,2022-07-18 04:57:34
380,Vung Tau,10.346,107.0843,85.14,72,44,7.27,VN,2022-07-18 04:57:34
381,Gat,31.61,34.7642,80.4,100,0,1.36,IL,2022-07-18 04:56:02
382,Holeby,54.7115,11.4642,62.1,84,85,9.4,DK,2022-07-18 04:57:35
383,Mabaruma,8.2,-59.7833,74.08,96,38,2.13,GY,2022-07-18 04:57:35
384,Bagdarin,54.4333,113.6,74.8,40,3,4.41,RU,2022-07-18 04:57:35
385,Baicheng,45.6167,122.8167,80.98,58,90,6.22,CN,2022-07-18 04:57:36
386,Roald,62.5833,6.1333,59.76,82,75,11.5,NO,2022-07-18 04:57:36
387,Sinop,41.7711,34.8709,68.02,67,0,8.93,TR,2022-07-18 04:57:37
388,Hami,42.8,93.45,94.44,12,41,7.92,CN,2022-07-18 04:57:37
389,Nantucket,41.2835,-70.0995,73.99,100,100,4.61,US,2022-07-18 04:57:38
390,Aguimes,27.9054,-15.4461,68.63,73,20,25.32,ES,2022-07-18 04:57:38
391,Siniscola,40.5719,9.6922,65.75,65,0,3.31,IT,2022-07-18 04:57:38
392,Opuwo,-18.0607,13.84,51.71,45,0,6.67,NA,2022-07-18 04:57:38
393,Majene,-3.5403,118.9707,79.29,78,99,9.84,ID,2022-07-18 04:57:39
394,Fengkou,30.0833,113.2667,92.52,57,76,1.25,CN,2022-07-18 04:57:39
395,Manta,-0.95,-80.7333,69.58,88,75,10.36,EC,2022-07-18 04:57:40
396,Pacific Grove,36.6177,-121.9166,60.24,88,43,3.0,US,2022-07-18 04:57:40
397,Vao,-22.6667,167.4833,72.55,81,69,14.52,NC,2022-07-18 04:57:40
398,Avera,33.194,-82.5271,77.05,90,3,5.88,US,2022-07-18 04:57:40
399,Vostok,46.4856,135.8833,63.3,88,100,1.32,RU,2022-07-18 04:57:41
400,Gimli,50.6336,-96.9907,75.22,73,0,0.0,CA,2022-07-18 04:57:41
401,Waimana,-38.15,177.0833,57.04,89,100,2.13,NZ,2022-07-18 04:57:42
402,Todos Santos,23.45,-110.2167,83.05,88,33,2.28,MX,2022-07-18 04:56:28
403,Villa Carlos Paz,-31.4241,-64.4978,43.39,34,60,5.79,AR,2022-07-18 04:57:42
404,Puerto Penasco,31.3167,-113.5333,86.92,79,56,10.0,MX,2022-07-18 04:57:43
405,Ngunguru,-35.6167,174.5,57.99,74,100,12.88,NZ,2022-07-18 04:57:43
406,Larap,14.299,122.6504,85.69,74,100,1.45,PH,2022-07-18 04:57:43
407,Bulawayo,-20.15,28.5833,46.78,92,3,10.76,ZW,2022-07-18 04:57:44
408,Ostrovnoy,68.0531,39.5131,61.72,63,99,9.84,RU,2022-07-18 04:58:44
409,Mitsamiouli,-11.3847,43.2844,71.89,78,20,4.61,KM,2022-07-18 04:58:44
410,Flinders,-34.5833,150.8552,60.06,45,2,8.19,AU,2022-07-18 04:58:45
411,Blizhne-Pesochnoye,55.3456,42.1015,65.7,76,100,1.63,RU,2022-07-18 04:58:45
412,Barsovo,61.1667,73.1667,73.53,50,44,12.55,RU,2022-07-18 04:58:45
413,Kochi,9.9399,76.2602,79.02,73,100,9.33,IN,2022-07-18 04:58:46
414,Fortuna Foothills,32.6578,-114.4119,93.69,37,0,20.71,US,2022-07-18 04:58:46
415,Bagtic,9.6864,123.0122,76.89,89,100,4.83,PH,2022-07-18 04:58:47
416,Kashan,33.9831,51.4364,89.19,11,0,0.0,IR,2022-07-18 04:58:47
417,Tarauaca,-8.1614,-70.7656,71.67,98,48,1.7,BR,2022-07-18 04:58:47
418,Hoi An,15.8794,108.335,98.56,56,90,5.99,VN,2022-07-18 04:55:04
419,Antofagasta,-23.65,-70.4,56.48,76,15,3.62,CL,2022-07-18 04:58:48
420,Azul,-36.777,-59.8585,46.35,48,100,12.37,AR,2022-07-18 04:54:44
421,Dudinka,69.4058,86.1778,63.63,47,100,10.31,RU,2022-07-18 04:58:48
422,Ballina,-28.8667,153.5667,73.02,51,9,2.62,AU,2022-07-18 04:57:00
423,Davila,18.4726,120.5763,87.78,71,47,6.02,PH,2022-07-18 04:58:49
424,Krasnyy Oktyabr,56.1167,38.8833,57.38,90,95,4.5,RU,2022-07-18 04:58:49
425,Alepe,5.5004,-3.6631,76.87,89,91,4.21,CI,2022-07-18 04:58:50
426,Sola,-13.8833,167.55,80.13,80,29,19.39,VU,2022-07-18 04:58:50
427,Hualmay,-11.0964,-77.6139,60.85,87,55,8.7,PE,2022-07-18 04:58:50
428,Kargasok,59.0556,80.8572,64.8,67,41,13.18,RU,2022-07-18 04:58:51
429,Slave Lake,55.2834,-114.769,71.58,64,0,8.05,CA,2022-07-18 04:55:45
430,Pombia,45.653,8.6336,78.4,62,75,3.44,IT,2022-07-18 04:58:51
431,Le Port,-20.9373,55.2919,69.26,76,12,5.95,RE,2022-07-18 04:58:51
432,Pasni,25.2631,63.471,84.87,83,70,18.07,PK,2022-07-18 04:58:52
433,Rundu,-17.9333,19.7667,43.38,60,0,5.48,NA,2022-07-18 04:58:52
434,Nauen,52.607,12.8737,66.04,61,70,2.01,DE,2022-07-18 04:58:52
435,Linxia,35.6003,103.2064,62.53,70,100,0.98,CN,2022-07-18 04:58:53
436,Bucsa,47.2,21.0,64.06,39,2,7.52,HU,2022-07-18 04:58:53
437,Portarlington,53.1622,-7.1911,58.19,90,72,5.26,IE,2022-07-18 04:58:54
438,Langres,47.8333,5.3333,61.34,42,39,3.04,FR,2022-07-18 04:58:54
439,Praia Da Vitoria,38.7333,-27.0667,73.65,88,75,9.17,PT,2022-07-18 04:58:54
440,Belmonte,-15.8631,-38.8828,72.18,85,49,9.1,BR,2022-07-18 04:58:55
441,Barcelos,41.5388,-8.6151,67.84,88,85,2.91,PT,2022-07-18 04:54:40
442,Lebyazhye,55.2689,66.4947,63.36,86,100,6.08,RU,2022-07-18 04:58:55
443,Hammerfest,70.6634,23.6821,48.65,100,75,8.05,NO,2022-07-18 04:58:56
444,North Platte,41.1239,-100.7654,79.12,75,0,5.99,US,2022-07-18 04:58:56
445,Shache,38.4167,77.2406,94.89,11,0,2.28,CN,2022-07-18 04:58:57
446,Bolanos De Calatrava,38.9069,-3.6635,71.73,43,0,4.09,ES,2022-07-18 04:58:57
447,Myitkyina,25.3833,97.4,78.93,95,100,1.23,MM,2022-07-18 04:58:57
448,Derzhavinsk,51.1,66.3167,78.6,53,90,8.81,KZ,2022-07-18 04:58:58
449,Usakos,-22.0,15.6,53.44,41,2,10.8,NA,2022-07-18 04:58:58
450,Richards Bay,-28.783,32.0377,61.38,84,0,10.33,ZA,2022-07-18 04:58:58
451,Kahului,20.8947,-156.47,79.84,85,87,13.0,US,2022-07-18 04:58:59
452,Novyy Urengoy,66.0833,76.6333,68.11,44,95,11.81,RU,2022-07-18 04:58:59
453,Camalu,30.85,-116.0667,67.71,85,5,4.27,MX,2022-07-18 04:58:59
454,Los Planes,14.05,-88.0167,57.27,89,23,6.15,HN,2022-07-18 05:00:00
455,Kirakira,-10.4544,161.9205,82.69,75,32,8.43,SB,2022-07-18 05:00:00
456,Camopi,3.1655,-52.3158,70.81,98,47,2.44,GF,2022-07-18 05:00:01
457,Grand Gaube,-20.0064,57.6608,71.38,71,55,8.99,MU,2022-07-18 05:00:01
458,Nador,35.174,-2.9287,75.45,88,20,3.44,MA,2022-07-18 05:00:01
459,Serta,39.8085,-8.0988,62.94,89,28,2.26,PT,2022-07-18 05:00:02
460,Saryg-Sep,51.5,95.6,78.84,36,66,12.12,RU,2022-07-18 05:00:02
461,Teeli,51.0333,90.2333,73.53,43,87,8.23,RU,2022-07-18 05:00:03
462,Mopipi,-21.1833,24.8833,47.61,91,0,7.78,BW,2022-07-18 05:00:03
463,Svetlaya,46.5389,138.3297,61.34,92,100,7.11,RU,2022-07-18 05:00:04
464,Beloha,-25.1667,45.05,65.86,74,0,13.04,MG,2022-07-18 05:00:05
465,Nuuk,64.1835,-51.7216,43.83,88,100,6.73,GL,2022-07-18 05:00:06
466,Devecser,47.1032,17.438,63.12,37,87,3.62,HU,2022-07-18 05:00:07
467,Tual,-5.6667,132.75,78.91,80,77,18.68,ID,2022-07-18 05:00:08
468,Marsa Matruh,31.3525,27.2453,79.52,72,0,14.5,EG,2022-07-18 05:00:08
469,Xining,36.6167,101.7667,54.39,93,100,0.43,CN,2022-07-18 05:00:10
470,Quelimane,-17.8786,36.8883,65.41,96,84,3.85,MZ,2022-07-18 05:00:10
471,Fenoarivo,-18.933,47.4354,53.67,87,75,10.36,MG,2022-07-18 05:00:12
472,Swadlincote,52.774,-1.5574,67.17,49,0,4.61,GB,2022-07-18 05:00:13
473,Bria,6.5423,21.9863,67.5,97,93,3.15,CF,2022-07-18 05:00:14
474,Trud,42.2333,24.7333,69.78,28,0,5.59,BG,2022-07-18 05:00:15
475,Kabare,-2.4683,28.8242,61.29,82,72,1.63,CD,2022-07-18 05:00:15
476,Meadow Lake,34.8014,-106.5436,86.07,22,93,9.26,US,2022-07-18 05:00:15
477,Mondolfo,43.7494,13.0979,72.95,78,0,1.99,IT,2022-07-18 05:00:16
478,Salgueiro,-8.0742,-39.1192,63.46,89,11,9.51,BR,2022-07-18 05:00:16
479,Huanan,46.2167,130.5167,70.84,82,99,7.56,CN,2022-07-18 05:00:17
480,Imbituba,-28.24,-48.6703,56.08,94,95,3.8,BR,2022-07-18 04:57:12
481,Victor Harbor,-35.5667,138.6167,54.0,75,76,7.85,AU,2022-07-18 05:00:17
482,Englewood,39.6478,-104.9878,84.45,34,35,4.0,US,2022-07-18 05:00:18
483,Burnie,-41.0667,145.9167,48.94,49,77,9.89,AU,2022-07-18 05:00:18
484,Bosaso,11.2842,49.1816,91.22,39,69,19.19,SO,2022-07-18 05:00:19
485,Campo Largo,-25.4586,-49.5283,55.65,95,100,4.63,BR,2022-07-18 05:00:19
486,Mayo,38.8876,-76.5119,78.98,89,97,2.73,US,2022-07-18 04:58:11
487,Mbini,1.574,9.6134,74.46,83,99,6.53,GQ,2022-07-18 05:00:20
488,Tessalit,20.1986,1.0114,87.4,41,95,9.44,ML,2022-07-18 05:00:20
489,Skegness,53.1436,0.3363,66.58,60,78,9.91,GB,2022-07-18 05:00:20
490,Batagay,67.6333,134.6333,72.01,47,88,1.39,RU,2022-07-18 05:00:21
491,Ilulissat,69.2167,-51.1,46.42,61,20,2.3,GL,2022-07-18 05:00:21
492,Nakhon Thai,17.1006,100.8374,89.1,64,90,5.23,TH,2022-07-18 05:00:22
493,Grand-Lahou,5.1367,-5.0242,74.41,83,85,10.78,CI,2022-07-18 05:00:22
494,Shebunino,46.4339,141.8603,61.99,90,99,15.1,RU,2022-07-18 05:00:23
495,Boyolangu,-8.1181,111.8935,81.19,76,63,8.43,ID,2022-07-18 05:00:23
496,Berlevag,70.8578,29.0864,55.2,100,100,10.36,NO,2022-07-18 05:00:23
497,Kukes,42.0769,20.4219,63.66,63,0,5.84,AL,2022-07-18 04:58:09
498,Memari,23.2,88.1167,94.78,50,39,15.66,IN,2022-07-18 05:00:24
499,Victoria,22.2855,114.1577,91.45,73,100,15.99,HK,2022-07-18 04:56:18
500,Viedma,-40.8135,-62.9967,46.26,59,4,17.72,AR,2022-07-18 04:55:56
501,Pedasi,7.5333,-80.0333,78.06,83,94,1.54,PA,2022-07-18 05:00:25
502,Mapiripan,2.8892,-72.1256,71.51,97,100,2.73,CO,2022-07-18 05:01:25
503,Molepolole,-24.4066,25.4951,45.82,86,2,3.91,BW,2022-07-18 05:01:26
504,Hereford,52.0568,-2.7148,64.76,74,65,2.75,GB,2022-07-18 05:01:26
505,Xacmaz,41.4635,48.806,93.0,31,0,6.38,AZ,2022-07-18 05:01:26
506,Mamallapuram,12.6264,80.1722,86.05,62,100,8.66,IN,2022-07-18 05:01:26
507,Pontianak,-0.0333,109.3333,87.78,62,75,8.05,ID,2022-07-18 05:01:27
508,Sistranda,63.7256,8.834,51.76,81,100,20.38,NO,2022-07-18 04:57:02
509,Yegorlykskaya,46.5656,40.6562,72.21,50,92,7.56,RU,2022-07-18 05:01:27
510,General Pico,-35.6566,-63.7568,43.07,43,42,6.46,AR,2022-07-18 05:01:28
511,Payerne,46.822,6.9361,66.56,79,15,2.3,CH,2022-07-18 05:01:28
512,Dire Dawa,9.5931,41.8661,71.37,64,70,19.3,ET,2022-07-18 05:01:28
513,Port Hardy,50.6996,-127.4199,54.21,90,70,10.18,CA,2022-07-18 05:00:22
