City_ID,City,Country,Lat,Lng,Max Temp,Humidity,Cloudiness,Wind Speed,Description,Date
0,Hermanus,ZA,-34.4187,19.2345,49.37,73,1,4.81,clear sky,2022-07-21 04:54:12
1,Tommot,RU,58.9564,126.2925,78.12,56,25,4.83,light rain,2022-07-21 04:58:43
2,Severo-Kurilsk,RU,50.6789,156.125,52.27,97,99,15.5,overcast clouds,2022-07-21 04:58:44
3,Ixtapa,MX,20.7,-105.2,78.53,95,63,2.8,broken clouds,2022-07-21 04:58:44
4,Albany,US,42.6001,-73.9662,79.18,75,16,4.59,few clouds,2022-07-21 04:58:44
5,Opuwo,NA,-18.0607,13.84,52.45,38,0,5.37,clear sky,2022-07-21 04:58:45
6,Sao Felix Do Xingu,BR,-6.6447,-51.995,74.17,53,88,1.48,overcast clouds,2022-07-21 04:58:45
7,Ust-Nera,RU,64.5667,143.2,71.33,57,100,7.72,overcast clouds,2022-07-21 04:58:45
8,Punta Arenas,CL,-53.15,-70.9167,32.11,80,20,18.41,few clouds,2022-07-21 04:58:42
9,Ca Mau,VN,9.1769,105.15,80.82,84,100,5.59,overcast clouds,2022-07-21 04:58:46
10,Jacareacanga,BR,-6.2222,-57.7528,77.2,57,90,0.87,overcast clouds,2022-07-21 04:58:46
11,Brae,GB,60.3964,-1.353,52.56,79,97,15.84,overcast clouds,2022-07-21 04:58:46
12,Yumen,CN,40.2833,97.2,73.92,24,11,15.95,few clouds,2022-07-21 04:49:27
13,Kapaa,US,22.0752,-159.319,80.19,79,16,4.0,few clouds,2022-07-21 04:58:47
14,Tuatapere,NZ,-46.1333,167.6833,45.37,84,100,4.99,overcast clouds,2022-07-21 04:58:47
15,Ullapool,GB,57.8987,-5.1604,54.36,94,98,5.12,overcast clouds,2022-07-21 04:58:48
16,Port Alfred,ZA,-33.5906,26.891,55.18,95,65,3.0,broken clouds,2022-07-21 04:58:48
17,Ushuaia,AR,-54.8,-68.3,29.86,86,100,18.41,light snow,2022-07-21 04:56:02
18,Bluff,NZ,-46.6,168.3333,47.8,72,100,9.95,overcast clouds,2022-07-21 04:58:49
19,Tessalit,ML,20.1986,1.0114,80.24,52,50,14.05,scattered clouds,2022-07-21 04:58:49
20,Nanortalik,GL,60.1432,-45.2371,48.85,87,10,13.47,clear sky,2022-07-21 04:58:49
21,Yellowknife,CA,62.456,-114.3525,66.72,42,20,10.36,few clouds,2022-07-21 04:58:50
22,Carnarvon,AU,-24.8667,113.6333,68.65,87,100,19.73,overcast clouds,2022-07-21 04:58:50
23,Rikitea,PF,-23.1203,-134.9692,73.53,76,0,6.02,light rain,2022-07-21 04:58:51
24,Atuona,PF,-9.8,-139.0333,77.58,75,28,15.95,scattered clouds,2022-07-21 04:58:51
25,Khatanga,RU,71.9667,102.5,57.2,45,100,20.6,overcast clouds,2022-07-21 04:58:51
26,Sedona,US,34.8697,-111.761,82.98,48,100,2.39,overcast clouds,2022-07-21 04:57:30
27,Ponta Do Sol,PT,32.6667,-17.1,71.71,67,10,5.93,clear sky,2022-07-21 04:58:52
28,Aripuana,BR,-9.1667,-60.6333,70.56,55,0,2.08,clear sky,2022-07-21 04:58:52
29,Qaanaaq,GL,77.484,-69.3632,41.25,78,100,7.38,overcast clouds,2022-07-21 04:58:52
30,Hamilton,US,39.1834,-84.5333,79.57,89,0,1.01,clear sky,2022-07-21 04:55:01
31,Peniche,PT,39.3558,-9.3811,67.28,93,31,13.71,scattered clouds,2022-07-21 04:58:53
32,Arraial Do Cabo,BR,-22.9661,-42.0278,70.12,83,50,10.67,scattered clouds,2022-07-21 04:56:30
33,Bredasdorp,ZA,-34.5322,20.0403,43.18,87,0,5.59,clear sky,2022-07-21 04:58:54
34,Avarua,CK,-21.2078,-159.775,69.85,78,75,10.36,light rain,2022-07-21 04:58:54
35,Jamestown,US,42.097,-79.2353,75.06,86,75,9.22,broken clouds,2022-07-21 04:55:55
36,Mataura,NZ,-46.1927,168.8643,47.48,91,100,2.89,overcast clouds,2022-07-21 04:58:55
37,Ada,US,43.4166,-116.1262,81.66,27,0,8.99,clear sky,2022-07-21 04:58:09
38,Cabo San Lucas,MX,22.8909,-109.9124,89.62,55,5,3.0,clear sky,2022-07-21 04:50:12
39,Charters Towers,AU,-20.1,146.2667,73.13,45,39,10.09,scattered clouds,2022-07-21 04:58:55
40,Harper,LR,4.375,-7.7169,73.22,74,92,6.87,overcast clouds,2022-07-21 04:58:56
41,Daru,PG,-9.0763,143.2092,79.48,81,71,12.1,broken clouds,2022-07-21 04:58:56
42,Coquimbo,CL,-29.9533,-71.3436,53.33,87,100,3.44,overcast clouds,2022-07-21 04:58:56
43,Sechura,PE,-5.5569,-80.8222,62.53,84,43,11.23,scattered clouds,2022-07-21 04:58:57
44,Shangzhi,CN,45.2167,127.9667,82.71,60,43,6.71,scattered clouds,2022-07-21 04:58:57
45,Valladolid,ES,41.5833,-4.6667,62.83,79,1,5.99,clear sky,2022-07-21 04:58:57
46,Avera,US,33.194,-82.5271,75.54,82,99,8.93,overcast clouds,2022-07-21 04:53:14
47,Victor Harbor,AU,-35.5667,138.6167,60.67,77,13,14.56,few clouds,2022-07-21 04:59:58
48,New Norfolk,AU,-42.7826,147.0587,51.3,54,0,1.68,clear sky,2022-07-21 04:59:58
49,Busselton,AU,-33.65,115.3333,61.45,65,39,18.32,scattered clouds,2022-07-21 04:59:58
50,Nasirabad,IN,26.3,74.7333,84.61,70,100,15.5,overcast clouds,2022-07-21 04:59:59
51,Cape Town,ZA,-33.9258,18.4232,55.38,72,0,2.3,clear sky,2022-07-21 04:59:34
52,Vaini,TO,-21.2,-175.2,77.16,83,20,8.05,few clouds,2022-07-21 04:59:59
53,Asgabat,TM,37.95,58.3833,89.46,43,0,11.5,clear sky,2022-07-21 05:00:00
54,Barrow,US,71.2906,-156.7887,38.28,86,100,15.28,overcast clouds,2022-07-21 05:00:00
55,Taltal,CL,-25.4,-70.4833,56.41,89,100,1.48,overcast clouds,2022-07-21 05:00:00
56,Ancud,CL,-41.8697,-73.8203,40.23,63,65,13.04,broken clouds,2022-07-21 04:54:18
57,Puerto Ayora,EC,-0.7393,-90.3518,68.56,94,80,5.01,broken clouds,2022-07-21 05:00:01
58,Wenling,CN,28.3669,121.36,89.22,73,46,10.54,scattered clouds,2022-07-21 05:00:01
59,Tripoli,LY,32.8752,13.1875,78.33,64,0,8.28,clear sky,2022-07-21 05:00:02
60,Mahebourg,MU,-20.4081,57.7,73.26,67,78,21.63,light rain,2022-07-21 05:00:02
61,Torbay,CA,47.6666,-52.7314,62.58,86,100,8.99,overcast clouds,2022-07-21 05:00:03
62,Norwich,GB,52.6278,1.2983,64.47,84,100,11.5,overcast clouds,2022-07-21 05:00:03
63,Beringovskiy,RU,63.05,179.3167,47.91,69,89,14.0,overcast clouds,2022-07-21 05:00:04
64,Kanye,BW,-24.9667,25.3327,46.27,85,7,4.74,clear sky,2022-07-21 05:00:05
65,Aswan,EG,24.0934,32.907,88.9,23,0,6.91,clear sky,2022-07-21 04:59:43
66,Newark,US,40.7357,-74.1724,84.33,67,0,10.0,clear sky,2022-07-21 04:57:11
67,Kodiak,US,57.79,-152.4072,52.74,85,100,7.63,overcast clouds,2022-07-21 05:00:07
68,Namatanai,PG,-3.6667,152.4333,84.04,69,40,8.01,scattered clouds,2022-07-21 04:51:49
69,Saint-Philippe,RE,-21.3585,55.7679,71.19,77,47,17.58,scattered clouds,2022-07-21 05:00:08
70,Tucurui,BR,-3.7661,-49.6725,75.74,69,66,3.0,broken clouds,2022-07-21 05:00:08
71,Vila Velha,BR,-20.3297,-40.2925,67.95,92,9,6.06,clear sky,2022-07-21 05:00:09
72,Rawson,AR,-43.3002,-65.1023,41.04,45,0,25.79,clear sky,2022-07-21 04:54:24
73,Tingambato,MX,19.5,-101.8667,60.01,80,87,4.85,overcast clouds,2022-07-21 05:00:09
74,Caravelas,BR,-17.7125,-39.2481,69.49,81,1,5.17,clear sky,2022-07-21 05:00:10
75,Mahanoro,MG,-19.9,48.8,67.98,79,51,7.43,light rain,2022-07-21 05:00:11
76,College,US,64.8569,-147.8028,66.2,61,83,9.6,broken clouds,2022-07-21 05:00:12
77,Komsomolskiy,UZ,40.4272,71.7189,93.92,20,0,4.61,clear sky,2022-07-21 05:00:12
78,Chuy,UY,-33.6971,-53.4616,58.17,99,75,7.29,broken clouds,2022-07-21 05:00:13
79,San Patricio,US,28.017,-97.5169,85.86,79,1,15.32,clear sky,2022-07-21 04:55:31
80,Chalus,IR,36.655,51.4204,79.77,84,92,7.67,overcast clouds,2022-07-21 05:00:14
81,Fraserburgh,GB,57.6874,-2.0184,54.64,89,67,12.08,broken clouds,2022-07-21 05:00:15
82,Hofn,IS,64.2539,-15.2082,51.76,81,60,3.69,broken clouds,2022-07-21 05:00:15
83,Tiznit,MA,29.5833,-9.5,87.85,19,49,9.64,scattered clouds,2022-07-21 05:00:16
84,Codroipo,IT,45.96,12.9792,74.66,73,9,4.14,clear sky,2022-07-21 05:00:16
85,Goderich,CA,43.7501,-81.7165,71.91,83,5,8.05,clear sky,2022-07-21 04:55:40
86,Acapulco,MX,16.8634,-99.8901,80.92,87,100,3.0,overcast clouds,2022-07-21 05:00:15
87,Provideniya,RU,64.3833,-173.3,44.71,70,75,20.13,broken clouds,2022-07-21 05:00:17
88,Kruisfontein,ZA,-34.0033,24.7314,46.89,91,5,7.31,clear sky,2022-07-21 04:51:47
89,Rocha,UY,-34.4833,-54.3333,60.01,96,52,8.86,broken clouds,2022-07-21 04:56:56
90,Kawalu,ID,-7.3817,108.2082,77.22,78,95,4.99,overcast clouds,2022-07-21 04:53:13
91,Tiksi,RU,71.6872,128.8694,42.71,78,15,21.14,few clouds,2022-07-21 04:54:19
92,Monrovia,LR,6.3005,-10.7969,75.27,77,100,10.85,overcast clouds,2022-07-21 04:56:11
93,Synya,RU,65.3718,58.0387,69.19,48,21,3.29,few clouds,2022-07-21 05:01:18
94,Lasa,IT,46.6166,10.7002,64.36,85,48,1.5,scattered clouds,2022-07-21 05:01:19
95,Wharton,US,29.3116,-96.1027,82.98,90,0,4.61,clear sky,2022-07-21 05:00:43
96,Necochea,AR,-38.5473,-58.7368,54.91,60,10,16.28,clear sky,2022-07-21 05:01:19
97,Kahului,US,20.8947,-156.47,74.97,82,65,13.33,broken clouds,2022-07-21 05:01:20
98,Talcahuano,CL,-36.7167,-73.1167,52.63,94,81,0.89,broken clouds,2022-07-21 05:01:20
99,Sao Filipe,CV,14.8961,-24.4956,75.29,90,45,5.12,scattered clouds,2022-07-21 05:01:20
100,Georgetown,MY,5.4112,100.3354,89.53,71,20,3.44,few clouds,2022-07-21 04:58:08
101,Kaithal,IN,29.8,76.3833,78.28,88,100,8.12,light rain,2022-07-21 04:59:53
102,Aklavik,CA,68.2191,-135.0107,59.36,56,100,7.94,overcast clouds,2022-07-21 04:51:46
103,Mar Del Plata,AR,-38.0023,-57.5575,54.09,70,0,17.27,clear sky,2022-07-21 04:56:28
104,Lebu,CL,-37.6167,-73.65,49.57,92,93,5.17,overcast clouds,2022-07-21 04:53:12
105,Esperance,AU,-33.8667,121.9,57.04,77,100,17.31,light rain,2022-07-21 05:01:22
106,Hami,CN,42.8,93.45,81.28,19,22,10.02,few clouds,2022-07-21 04:53:07
107,East London,ZA,-33.0153,27.9116,59.07,84,17,11.81,few clouds,2022-07-21 05:01:22
108,Cidreira,BR,-30.1811,-50.2056,60.57,95,5,11.32,clear sky,2022-07-21 05:01:23
109,Butaritari,KI,3.0707,172.7902,80.85,77,94,7.65,moderate rain,2022-07-21 05:01:23
110,Nikolskoye,RU,59.7035,30.7861,69.87,73,5,8.66,clear sky,2022-07-21 05:01:23
111,Chokurdakh,RU,70.6333,147.9167,59.74,25,52,10.09,broken clouds,2022-07-21 05:01:24
112,Saskylakh,RU,71.9167,114.0833,61.02,44,25,19.01,scattered clouds,2022-07-21 05:01:24
113,Paita,PE,-5.0892,-81.1144,62.29,86,39,9.57,scattered clouds,2022-07-21 05:01:25
114,Hithadhoo,MV,-0.6,73.0833,80.98,70,100,4.34,overcast clouds,2022-07-21 05:01:25
115,Iqaluit,CA,63.7506,-68.5145,53.33,87,100,10.36,light rain,2022-07-21 05:01:25
116,Lata,PT,40.1629,-8.3327,58.57,88,0,1.54,clear sky,2022-07-21 04:51:59
117,Asau,RO,46.4333,26.4,69.28,67,0,4.47,clear sky,2022-07-21 05:01:26
118,Mount Darwin,ZW,-16.7725,31.5838,54.84,88,6,3.69,clear sky,2022-07-21 05:01:26
119,Andros Town,BS,24.7,-77.7667,82.72,73,14,14.43,few clouds,2022-07-21 05:01:27
120,Hobart,AU,-42.8794,147.3294,51.66,64,20,8.05,few clouds,2022-07-21 04:57:05
121,Coahuayana,MX,18.7333,-103.6833,79.54,94,19,2.04,few clouds,2022-07-21 04:51:49
122,High Level,CA,58.5169,-117.136,66.31,68,20,2.3,few clouds,2022-07-21 04:50:04
123,Thunder Bay,CA,48.4001,-89.3168,67.98,88,0,8.05,clear sky,2022-07-21 04:58:13
124,Sereflikochisar,TR,38.9393,33.5386,64.09,48,0,8.79,clear sky,2022-07-21 05:01:28
125,Drovyanaya,RU,51.5833,113.0333,77.5,39,38,5.35,scattered clouds,2022-07-21 05:01:28
126,Olinda,BR,-8.0089,-34.8553,71.33,94,75,11.5,mist,2022-07-21 04:48:52
127,Vilhena,BR,-12.7406,-60.1458,65.48,47,13,3.11,few clouds,2022-07-21 05:00:12
128,Eresos,GR,39.1667,25.9333,72.9,74,0,18.84,clear sky,2022-07-21 05:01:29
129,Faanui,PF,-16.4833,-151.75,77.67,72,8,13.65,light rain,2022-07-21 05:01:29
130,Jizan,SA,17.3333,42.6667,90.66,57,96,3.71,overcast clouds,2022-07-21 05:01:30
131,Santa Maria,BR,-29.6842,-53.8069,63.5,91,36,4.76,scattered clouds,2022-07-21 05:01:30
132,Bethel,US,41.3712,-73.414,78.64,82,0,3.49,clear sky,2022-07-21 05:00:07
133,Eureka,US,40.8021,-124.1637,56.62,90,24,5.79,few clouds,2022-07-21 05:01:31
134,Wattegama,LK,6.7989,81.4808,89.73,54,90,3.91,overcast clouds,2022-07-21 05:01:31
135,Santiago,CL,-33.4569,-70.6483,50.85,69,0,3.44,clear sky,2022-07-21 04:58:58
136,Castro,BR,-24.7911,-50.0119,54.23,95,16,4.23,few clouds,2022-07-21 05:01:32
137,Fortuna,US,40.5982,-124.1573,56.35,89,15,4.79,few clouds,2022-07-21 05:01:32
138,Luganville,VU,-15.5333,167.1667,82.29,75,14,9.86,few clouds,2022-07-21 05:01:32
139,Bengkulu,ID,-3.8004,102.2655,83.98,68,24,5.99,few clouds,2022-07-21 04:54:26
140,Sulangan,PH,11.1373,123.7228,85.57,66,100,3.4,moderate rain,2022-07-21 05:02:33
141,Pueblo Nuevo,MX,23.3833,-105.3833,59.52,93,65,2.89,broken clouds,2022-07-21 05:02:33
142,Sao Joao Da Barra,BR,-21.6403,-41.0511,66.45,94,1,8.72,clear sky,2022-07-21 04:57:00
143,Souillac,MU,-20.5167,57.5167,69.35,69,73,20.38,light rain,2022-07-21 05:02:34
144,Palana,RU,59.1167,159.9667,56.89,63,65,15.86,broken clouds,2022-07-21 05:02:34
145,Nome,US,64.5011,-165.4064,47.16,92,100,11.7,light rain,2022-07-21 04:55:34
146,Verkhoyansk,RU,67.5447,133.385,61.63,50,100,5.06,overcast clouds,2022-07-21 05:02:34
147,Tura,IN,25.5198,90.2201,83.28,78,99,4.29,overcast clouds,2022-07-21 05:02:35
148,Codrington,AU,-38.2667,141.9667,59.41,61,3,10.33,clear sky,2022-07-21 04:55:38
149,Tasiilaq,GL,65.6145,-37.6368,35.76,80,100,5.99,overcast clouds,2022-07-21 05:02:35
150,Yenagoa,NG,4.9247,6.2642,71.82,87,100,4.38,overcast clouds,2022-07-21 05:02:36
151,Lomovka,RU,53.9194,58.3672,64.71,56,2,9.89,clear sky,2022-07-21 05:02:36
152,Chapais,CA,49.7834,-74.8492,62.58,98,100,7.31,overcast clouds,2022-07-21 05:02:36
153,Channel-Port Aux Basques,CA,47.5702,-59.1367,60.06,91,82,23.6,broken clouds,2022-07-21 05:00:45
154,Cherskiy,RU,68.75,161.3,46.49,43,16,19.37,few clouds,2022-07-21 05:02:37
155,Timizart,DZ,36.8,4.2667,73.83,45,0,5.46,clear sky,2022-07-21 05:02:38
156,Okhotsk,RU,59.3833,143.3,63.39,81,94,8.16,overcast clouds,2022-07-21 05:02:38
157,Ongandjera,NA,-17.8833,15.0667,52.5,34,0,8.23,clear sky,2022-07-21 05:02:39
158,Ardabil,IR,38.2498,48.2933,67.39,56,0,5.95,clear sky,2022-07-21 05:00:32
159,Ribeira Grande,PT,38.5167,-28.7,72.16,87,16,3.62,few clouds,2022-07-21 05:02:39
160,Mnogovershinnyy,RU,53.9353,139.9242,62.22,72,99,7.4,overcast clouds,2022-07-21 05:02:40
161,Gravelbourg,CA,49.8834,-106.5512,64.45,53,0,1.57,clear sky,2022-07-21 05:02:40
162,Sinnamary,GF,5.3833,-52.95,76.66,87,25,4.72,scattered clouds,2022-07-21 05:02:41
163,Thompson,CA,55.7435,-97.8558,58.26,79,92,4.18,overcast clouds,2022-07-21 05:02:08
164,Camana,PE,-16.6228,-72.7111,59.83,86,98,5.48,overcast clouds,2022-07-21 05:02:41
165,Biltine,TD,14.5333,20.9167,82.17,52,100,10.4,overcast clouds,2022-07-21 05:02:42
166,Kloulklubed,PW,7.0419,134.2556,84.7,71,62,2.98,broken clouds,2022-07-21 05:02:42
167,Xingyi,CN,24.1877,102.817,71.78,80,100,4.79,overcast clouds,2022-07-21 05:02:43
168,Honningsvag,NO,70.9821,25.9704,58.75,77,75,12.66,broken clouds,2022-07-21 05:02:43
169,Cartagena,CO,10.3997,-75.5144,78.94,89,35,11.41,scattered clouds,2022-07-21 05:00:01
170,Liliani,PK,32.2065,72.9537,79.9,85,100,9.28,overcast clouds,2022-07-21 05:02:44
171,Ketchikan,US,55.3422,-131.6461,54.39,87,100,5.39,overcast clouds,2022-07-21 05:02:44
172,Evensk,RU,61.95,159.2333,67.87,40,20,4.23,few clouds,2022-07-21 04:56:58
173,Mount Gambier,AU,-37.8333,140.7667,59.74,55,3,7.72,clear sky,2022-07-21 05:02:44
174,Maun,BW,-19.9833,23.4167,56.66,59,49,5.12,scattered clouds,2022-07-21 05:02:45
175,Acajutla,SV,13.5928,-89.8275,80.04,74,61,3.42,broken clouds,2022-07-21 05:00:29
176,Kangaatsiaq,GL,68.3065,-53.4641,44.24,97,100,9.08,light rain,2022-07-21 05:02:46
177,Dikson,RU,73.5069,80.5464,38.98,93,100,31.92,light rain,2022-07-21 05:02:46
178,Banjar,ID,-8.19,114.9675,87.66,56,78,2.46,broken clouds,2022-07-21 05:02:46
179,Jaru,BR,-10.4389,-62.4664,71.11,49,1,2.13,clear sky,2022-07-21 05:02:47
180,Vila Do Maio,CV,15.1333,-23.2167,75.69,89,95,5.08,overcast clouds,2022-07-21 05:02:47
181,Akkermanovka,RU,51.2467,58.2391,70.97,44,41,6.89,scattered clouds,2022-07-21 05:02:47
182,Itarema,BR,-2.9248,-39.9167,72.82,89,44,8.61,scattered clouds,2022-07-21 05:02:48
183,Mukhen,RU,48.1,136.1,71.1,77,100,6.96,overcast clouds,2022-07-21 05:03:48
184,Salisbury,GB,51.0693,-1.7957,61.48,79,100,9.26,overcast clouds,2022-07-21 05:02:51
185,Tangjiazhuang,CN,39.7333,118.45,85.44,57,18,7.81,few clouds,2022-07-21 05:03:49
186,Koumac,NC,-20.5667,164.2833,81.01,69,43,5.5,scattered clouds,2022-07-21 05:03:49
187,Shiozawa,JP,37.0333,138.85,74.7,89,100,1.83,overcast clouds,2022-07-21 05:03:50
188,Romanovo,RU,52.6182,81.2271,81.59,42,63,15.82,broken clouds,2022-07-21 05:03:50
189,La Ronge,CA,55.1001,-105.2842,56.46,78,78,7.47,broken clouds,2022-07-21 05:00:45
190,Cockburn Town,TC,21.4612,-71.1419,82.0,79,2,21.79,clear sky,2022-07-21 04:50:48
191,Providencia,MX,28.7167,-111.5833,93.2,34,100,8.57,overcast clouds,2022-07-21 05:03:51
192,Araouane,ML,18.9048,-3.5265,85.57,51,27,5.82,scattered clouds,2022-07-21 05:03:51
193,Omboue,GA,-1.5746,9.2618,72.03,87,100,6.96,overcast clouds,2022-07-21 05:03:51
194,Jurm,AF,36.8648,70.8342,86.38,21,0,3.27,clear sky,2022-07-21 05:03:52
195,Viedma,AR,-40.8135,-62.9967,46.72,39,83,20.18,broken clouds,2022-07-21 05:03:52
196,Saquena,PE,-4.6667,-73.5167,71.6,97,77,2.8,broken clouds,2022-07-21 05:03:53
197,Ilulissat,GL,69.2167,-51.1,50.02,71,100,3.44,light rain,2022-07-21 05:03:53
198,Leningradskiy,RU,69.3833,178.4167,33.04,98,100,19.8,light snow,2022-07-21 04:58:14
199,Odweyne,SO,9.4092,45.064,70.38,58,87,24.76,overcast clouds,2022-07-21 05:03:54
200,Jinchang,CN,38.4953,102.1739,59.97,58,100,12.48,light rain,2022-07-21 05:03:54
201,Kaitangata,NZ,-46.2817,169.8464,44.04,84,95,7.43,overcast clouds,2022-07-21 05:03:54
202,Roebourne,AU,-20.7833,117.1333,80.26,28,5,4.9,clear sky,2022-07-21 05:03:55
203,Bereda,ES,43.2686,-7.5406,61.57,100,99,5.55,overcast clouds,2022-07-21 05:03:55
204,Baracoa,CU,20.3467,-74.4958,80.62,85,97,8.95,overcast clouds,2022-07-21 05:03:56
205,Lagoa,PT,39.05,-27.9833,70.7,85,18,5.7,few clouds,2022-07-21 05:03:09
206,Salalah,OM,17.0151,54.0924,77.09,94,100,5.75,haze,2022-07-21 05:03:56
207,Abha,SA,18.2164,42.5053,70.05,60,99,5.75,overcast clouds,2022-07-21 05:03:56
208,Mongo,TD,12.1844,18.693,75.7,83,76,5.7,broken clouds,2022-07-21 05:03:57
209,Port Lincoln,AU,-34.7333,135.8667,56.34,62,40,15.46,scattered clouds,2022-07-21 05:03:57
210,Olafsvik,IS,64.8945,-23.7142,50.86,71,92,3.94,overcast clouds,2022-07-21 04:58:11
211,Carutapera,BR,-1.195,-46.02,74.48,93,29,4.12,scattered clouds,2022-07-21 05:03:58
212,Inirida,CO,3.8653,-67.9239,72.03,97,93,1.7,light rain,2022-07-21 05:03:58
213,Kavaratti,IN,10.5669,72.642,80.87,79,100,21.05,overcast clouds,2022-07-21 04:58:03
214,Pacific Grove,US,36.6177,-121.9166,60.82,92,37,11.01,scattered clouds,2022-07-21 04:55:37
215,Pakokku,MM,21.3333,95.1,93.69,50,95,1.57,overcast clouds,2022-07-21 05:03:59
216,Pevek,RU,69.7008,170.3133,32.45,94,97,16.55,overcast clouds,2022-07-21 05:03:59
217,Grindavik,IS,63.8424,-22.4338,48.67,93,75,6.91,moderate rain,2022-07-21 05:04:00
218,Lacombe,CA,52.4668,-113.7353,60.33,86,2,4.94,clear sky,2022-07-21 05:00:07
219,Reconquista,AR,-29.15,-59.65,68.2,93,100,6.67,overcast clouds,2022-07-21 05:04:00
220,Norman Wells,CA,65.282,-126.8329,66.65,57,86,7.34,overcast clouds,2022-07-21 05:04:01
221,Carballo,ES,43.213,-8.691,65.89,93,67,5.08,broken clouds,2022-07-21 05:04:01
222,Rio Gallegos,AR,-51.6226,-69.2181,30.25,80,0,18.41,clear sky,2022-07-21 04:55:24
223,Tuktoyaktuk,CA,69.4541,-133.0374,42.48,91,86,5.95,overcast clouds,2022-07-21 05:04:01
224,Chicama,PE,-7.8447,-79.1469,59.54,87,26,6.64,scattered clouds,2022-07-21 05:04:02
225,Urumqi,CN,43.801,87.6005,85.15,15,0,4.47,clear sky,2022-07-21 04:49:48
226,Angoche,MZ,-16.2325,39.9086,70.43,72,0,1.36,clear sky,2022-07-21 05:04:02
227,Airai,TL,-8.9266,125.4092,70.38,61,66,3.56,broken clouds,2022-07-21 05:04:03
228,Baijiantan,CN,45.6333,85.1833,85.91,18,6,1.95,clear sky,2022-07-21 05:04:03
229,Myaundzha,RU,63.0494,147.1858,63.39,65,100,8.63,overcast clouds,2022-07-21 05:04:03
230,Washougal,US,45.5826,-122.3534,78.66,59,0,4.61,clear sky,2022-07-21 05:04:04
231,Roma,US,43.2128,-75.4557,79.88,76,0,8.05,clear sky,2022-07-21 05:05:04
232,Crotone,IT,39.0851,17.1178,77.2,44,0,4.65,clear sky,2022-07-21 05:05:05
233,Kaminokawa,JP,36.4333,139.9167,81.9,70,100,3.98,overcast clouds,2022-07-21 05:05:05
234,Naze,JP,28.3667,129.4833,84.54,79,84,18.25,broken clouds,2022-07-21 05:05:06
235,Hemsedal,NO,60.8629,8.5534,60.31,80,100,3.13,light rain,2022-07-21 05:05:06
236,Flinders,AU,-34.5833,150.8552,60.39,76,89,5.01,light rain,2022-07-21 05:05:06
237,Kaitong,CN,44.8135,123.15,86.56,46,99,6.11,overcast clouds,2022-07-21 05:05:07
238,Meulaboh,ID,4.1363,96.1285,84.79,61,100,3.67,overcast clouds,2022-07-21 04:58:08
239,Marawi,PH,7.9986,124.2928,79.21,77,68,5.08,broken clouds,2022-07-21 05:05:07
240,Adrar,MR,20.5022,-10.0711,87.49,33,77,9.1,broken clouds,2022-07-21 05:05:08
241,Lazaro Cardenas,MX,17.9583,-102.2,79.97,90,20,2.55,few clouds,2022-07-21 05:05:08
242,Alofi,NU,-19.0595,-169.9187,76.37,71,1,18.16,clear sky,2022-07-21 05:05:09
243,Talnakh,RU,69.4865,88.3972,61.5,62,88,17.25,overcast clouds,2022-07-21 05:05:09
244,Maragogi,BR,-9.0122,-35.2225,73.74,90,100,9.82,overcast clouds,2022-07-21 05:05:10
245,Agropoli,IT,40.3469,14.9966,75.09,54,0,4.29,clear sky,2022-07-21 05:03:56
246,Oriximina,BR,-1.7656,-55.8661,72.64,96,86,2.77,overcast clouds,2022-07-21 05:05:10
247,Pangnirtung,CA,66.1451,-65.7125,45.19,88,100,0.45,light rain,2022-07-21 05:05:11
248,Pafos,CY,34.7667,32.4167,83.23,50,20,6.91,few clouds,2022-07-21 05:01:11
249,Oistins,BB,13.0667,-59.5333,80.69,89,20,18.41,few clouds,2022-07-21 05:04:21
250,Kenai,US,60.5544,-151.2583,53.1,94,100,5.75,overcast clouds,2022-07-21 05:05:12
251,Saldanha,ZA,-33.0117,17.9442,48.49,76,1,6.73,clear sky,2022-07-21 05:05:12
252,Saint George,US,37.1041,-113.5841,97.95,20,0,8.05,clear sky,2022-07-21 05:05:12
253,Pisco,PE,-13.7,-76.2167,60.03,82,100,2.3,overcast clouds,2022-07-21 05:05:13
254,Noumea,NC,-22.2763,166.4572,79.0,99,100,12.68,overcast clouds,2022-07-21 05:05:13
255,Luderitz,NA,-26.6481,15.1594,55.63,60,0,12.41,clear sky,2022-07-21 05:05:14
256,Limbe,CM,4.0242,9.2149,74.41,93,100,6.78,moderate rain,2022-07-21 05:05:14
257,Shieli,KZ,44.1667,66.75,105.1,13,0,6.51,clear sky,2022-07-21 05:05:14
258,Sisimiut,GL,66.9395,-53.6735,49.33,93,100,8.48,light rain,2022-07-21 05:05:15
259,Muzaffarabad,PK,34.37,73.4711,81.59,89,100,5.1,overcast clouds,2022-07-21 05:05:15
260,Belyy Yar,RU,53.6039,91.3903,75.85,44,0,6.71,clear sky,2022-07-21 05:05:15
261,Santo Domingo,DO,18.5001,-69.9886,74.66,93,25,5.66,scattered clouds,2022-07-21 05:03:55
262,Bathsheba,BB,13.2167,-59.5167,81.21,94,20,18.41,few clouds,2022-07-21 05:05:16
263,Kattivakkam,IN,13.2167,80.3167,89.69,72,97,6.4,overcast clouds,2022-07-21 05:05:16
264,Guajara,BR,-2.9667,-57.6667,73.4,97,89,2.68,overcast clouds,2022-07-21 05:05:17
265,Port Elizabeth,ZA,-33.918,25.5701,51.31,95,66,3.0,broken clouds,2022-07-21 05:05:17
266,Alta Floresta,BR,-9.8756,-56.0861,67.98,52,0,0.94,clear sky,2022-07-21 05:05:18
267,Tual,ID,-5.6667,132.75,78.78,76,90,20.2,overcast clouds,2022-07-21 04:56:50
268,Keita,NE,14.7551,5.7749,78.06,68,97,9.22,overcast clouds,2022-07-21 05:05:19
269,Bosansko Grahovo,BA,44.1794,16.3639,66.04,51,0,3.69,clear sky,2022-07-21 05:03:38
270,Dombarovskiy,RU,50.7587,59.5386,71.13,44,100,9.04,overcast clouds,2022-07-21 05:05:19
271,Rock Sound,BS,24.9,-76.2,82.26,76,5,16.75,clear sky,2022-07-21 05:05:20
272,Wukari,NG,7.85,9.7833,72.03,94,100,4.47,light rain,2022-07-21 05:06:20
273,Fuxin,CN,42.0156,121.6589,71.65,90,100,5.95,overcast clouds,2022-07-21 05:06:21
274,Shingu,JP,33.7333,135.9833,87.94,58,80,4.0,broken clouds,2022-07-21 05:06:21
275,Muleba,TZ,-1.8397,31.6544,67.01,63,9,12.84,clear sky,2022-07-21 05:06:21
276,Namibe,AO,-15.1961,12.1522,64.2,68,0,5.26,clear sky,2022-07-21 05:06:22
277,Kerman,IR,30.2832,57.0788,82.26,15,0,4.61,clear sky,2022-07-21 05:06:22
278,Rafaela,AR,-31.2503,-61.4867,55.99,59,100,5.03,overcast clouds,2022-07-21 05:06:22
279,Egvekinot,RU,66.3167,-179.1667,44.17,54,88,9.64,overcast clouds,2022-07-21 05:06:23
280,Srednekolymsk,RU,67.45,153.6833,60.73,44,32,6.67,scattered clouds,2022-07-21 05:06:23
281,Tomislavgrad,BA,43.7181,17.2267,69.8,48,0,4.74,clear sky,2022-07-21 05:06:24
282,Raahe,FI,64.6833,24.4833,59.09,65,92,6.85,overcast clouds,2022-07-21 05:06:24
283,Kargil,IN,34.5667,76.1,69.4,10,88,5.12,overcast clouds,2022-07-21 05:06:24
284,Marrakesh,MA,31.6315,-8.0083,84.27,39,40,3.44,scattered clouds,2022-07-21 05:06:25
285,Saint-Ambroise,CA,48.5501,-71.3324,62.85,69,76,4.59,broken clouds,2022-07-21 05:06:25
286,Khilok,RU,51.3674,110.4676,77.36,33,38,3.04,scattered clouds,2022-07-21 05:06:26
287,Mehamn,NO,71.0357,27.8492,60.75,77,0,8.05,clear sky,2022-07-21 05:06:26
288,Liaoyang,CN,41.2719,123.1731,79.12,71,95,7.11,overcast clouds,2022-07-21 05:06:26
289,Tigil,RU,57.8,158.6667,75.78,49,17,15.77,few clouds,2022-07-21 05:06:27
290,Shebunino,RU,46.4339,141.8603,65.19,75,53,9.28,broken clouds,2022-07-21 05:06:27
291,Cardoso,BR,-20.0819,-49.9142,68.32,47,62,5.17,broken clouds,2022-07-21 05:06:27
292,Vardo,NO,70.3705,31.1107,58.98,82,58,9.22,broken clouds,2022-07-21 04:58:02
293,Palmer,US,42.1584,-72.3287,78.17,78,0,4.23,clear sky,2022-07-21 05:06:28
294,Chapadinha,BR,-3.7417,-43.3603,68.77,97,9,2.77,clear sky,2022-07-21 05:06:28
295,Klaksvik,FO,62.2266,-6.589,49.12,90,75,17.29,broken clouds,2022-07-21 05:06:29
296,Svetlogorsk,BY,52.6333,29.7333,60.39,67,10,13.35,clear sky,2022-07-21 05:06:29
297,Merauke,ID,-8.4667,140.3333,79.25,80,92,13.56,overcast clouds,2022-07-21 05:06:29
298,Kjollefjord,NO,70.9457,27.3465,60.62,77,0,8.05,clear sky,2022-07-21 05:06:30
299,Nuuk,GL,64.1835,-51.7216,52.41,82,100,5.75,overcast clouds,2022-07-21 05:06:30
300,Chinhoyi,ZW,-17.3667,30.2,54.37,80,17,5.95,few clouds,2022-07-21 05:06:31
301,Mareeba,AU,-17.0,145.4333,80.44,57,30,2.73,scattered clouds,2022-07-21 05:06:31
302,Tingi,TZ,-11.3,35.0333,55.94,82,8,5.73,clear sky,2022-07-21 05:06:31
303,Grand Gaube,MU,-20.0064,57.6608,73.38,62,89,8.01,overcast clouds,2022-07-21 05:06:32
304,Taoudenni,ML,22.6783,-3.9836,89.74,40,82,11.01,broken clouds,2022-07-21 05:06:32
305,Areia Branca,BR,-4.9561,-37.1369,73.87,84,57,10.92,broken clouds,2022-07-21 05:06:33
306,Jaciara,BR,-15.9653,-54.9683,67.86,43,18,3.51,few clouds,2022-07-21 05:06:33
307,Muravlenko,RU,63.7898,74.523,61.61,46,87,7.94,overcast clouds,2022-07-21 05:06:33
308,Nelson Bay,AU,-32.7167,152.15,64.09,75,100,15.99,overcast clouds,2022-07-21 05:01:51
309,Lucapa,AO,-8.4192,20.7447,64.33,39,21,4.05,few clouds,2022-07-21 05:06:34
310,Kavieng,PG,-2.5744,150.7967,83.07,75,99,9.53,light rain,2022-07-21 05:06:34
311,Duba-Yurt,RU,43.0372,45.7319,71.92,69,56,3.69,broken clouds,2022-07-21 05:06:35
312,San Andres,CO,12.5847,-81.7006,82.42,78,40,9.22,scattered clouds,2022-07-21 05:06:35
313,Saint-Leu,RE,-21.15,55.2833,70.66,58,10,1.28,clear sky,2022-07-21 05:06:35
314,Rockport,US,28.0206,-97.0544,86.04,82,40,11.5,scattered clouds,2022-07-21 05:06:36
315,Torbat-E Jam,IR,35.244,60.6225,91.76,11,0,24.07,clear sky,2022-07-21 05:06:36
316,Upernavik,GL,72.7868,-56.1549,48.97,66,100,6.53,overcast clouds,2022-07-21 05:06:37
317,Carson City,US,39.1638,-119.7674,83.23,26,0,5.75,clear sky,2022-07-21 05:06:37
318,Berlevag,NO,70.8578,29.0864,60.8,77,0,2.3,clear sky,2022-07-21 05:03:12
319,Hervey Bay,AU,-25.2986,152.8535,61.84,92,100,17.96,moderate rain,2022-07-21 05:06:37
320,Ulladulla,AU,-35.35,150.4667,58.1,75,89,8.28,light rain,2022-07-21 05:06:38
321,Kasongo,CD,-4.45,26.6667,74.34,42,86,2.24,overcast clouds,2022-07-21 05:06:38
322,Coihaique,CL,-45.5752,-72.0662,31.95,86,100,5.75,light snow,2022-07-21 05:03:02
323,Muros,ES,42.7762,-9.0603,64.83,85,7,8.75,clear sky,2022-07-21 05:07:39
324,Akdepe,TM,42.0551,59.3788,104.0,13,0,3.53,clear sky,2022-07-21 05:07:39
325,Sao Francisco De Paula,BR,-29.4481,-50.5836,59.05,89,5,6.22,clear sky,2022-07-21 05:04:41
326,Xam Nua,LA,20.4197,104.0439,79.09,73,100,4.72,light rain,2022-07-21 05:07:40
327,Faya,SA,18.3851,42.4509,70.32,46,90,4.34,overcast clouds,2022-07-21 05:07:40
328,Scottsbluff,US,41.8666,-103.6672,77.56,38,0,9.22,clear sky,2022-07-21 05:07:40
329,Hilo,US,19.7297,-155.09,78.53,84,40,8.05,scattered clouds,2022-07-21 05:07:41
330,Lufilufi,WS,-13.8745,-171.5986,81.79,72,31,22.21,scattered clouds,2022-07-21 05:07:41
331,Akyab,MM,20.15,92.9,85.55,73,90,7.36,overcast clouds,2022-07-21 05:07:42
332,Waitati,NZ,-45.75,170.5667,45.81,65,82,7.81,broken clouds,2022-07-21 05:07:42
333,Portland,US,45.5234,-122.6762,78.8,59,20,4.61,few clouds,2022-07-21 05:05:54
334,Verkhnyaya Inta,RU,65.9811,60.3094,63.9,63,85,6.04,overcast clouds,2022-07-21 05:07:43
335,Batagay,RU,67.6333,134.6333,62.55,50,100,1.81,overcast clouds,2022-07-21 05:07:43
336,Saint Pete Beach,US,27.7253,-82.7412,84.0,70,0,11.5,clear sky,2022-07-21 05:07:44
337,Kichera,RU,55.9375,110.0997,69.87,58,80,2.13,broken clouds,2022-07-21 05:07:44
338,Acarau,BR,-2.8856,-40.12,73.26,88,49,8.84,scattered clouds,2022-07-21 05:07:44
339,Keti Bandar,PK,24.1447,67.4497,85.14,78,87,22.06,overcast clouds,2022-07-21 05:07:45
340,Phalombe,MW,-15.8064,35.6507,62.31,78,25,2.77,scattered clouds,2022-07-21 05:07:45
341,Ngunguru,NZ,-35.6167,174.5,55.71,70,9,17.52,clear sky,2022-07-21 05:07:45
342,Chivay,PE,-15.6383,-71.6011,45.63,52,76,1.39,broken clouds,2022-07-21 05:07:46
343,Hirara,JP,24.8,125.2833,85.93,77,44,13.85,scattered clouds,2022-07-21 05:07:46
344,Tekeli,KZ,44.83,78.8239,85.87,11,0,2.13,clear sky,2022-07-21 05:07:47
345,Horsham,GB,51.064,-0.3272,63.45,85,20,4.61,few clouds,2022-07-21 05:06:56
346,Toora-Khem,RU,52.4675,96.11,73.04,32,3,4.05,clear sky,2022-07-21 05:07:47
347,Liverpool,GB,53.4106,-2.9779,60.75,78,75,13.8,broken clouds,2022-07-21 05:06:25
348,Tinos,GR,37.5375,25.1634,75.96,64,0,29.53,clear sky,2022-07-21 05:07:48
349,Berdigestyakh,RU,62.0989,126.6992,69.3,89,90,1.88,moderate rain,2022-07-21 05:07:48
350,Aykhal,RU,66.0,111.5,54.64,75,100,4.81,overcast clouds,2022-07-21 05:07:48
351,Sakaiminato,JP,35.55,133.2333,75.96,82,100,6.02,heavy intensity rain,2022-07-21 05:07:49
352,Nivala,FI,63.9167,24.9667,58.68,57,69,4.74,broken clouds,2022-07-21 05:07:49
353,Mount Isa,AU,-20.7333,139.5,69.57,19,1,12.66,clear sky,2022-07-21 05:07:50
354,Dedovichi,RU,57.5517,29.9502,64.33,73,5,11.25,clear sky,2022-07-21 05:07:50
355,Katsuura,JP,35.1333,140.3,81.19,78,78,9.31,broken clouds,2022-07-21 05:07:50
356,Gamba,GA,-2.65,10.0,70.11,92,99,5.73,overcast clouds,2022-07-21 05:07:51
357,Eyl,SO,7.9803,49.8164,80.49,49,53,23.13,broken clouds,2022-07-21 05:07:51
358,Paraiso,CR,9.8383,-83.8656,69.89,100,100,2.89,overcast clouds,2022-07-21 05:07:51
359,Melton Mowbray,GB,52.7659,-0.8869,64.33,79,100,6.51,overcast clouds,2022-07-21 05:07:52
360,Kamina,CD,-8.7386,24.9906,61.25,63,8,4.21,clear sky,2022-07-21 05:07:52
361,Bambous Virieux,MU,-20.3428,57.7575,73.22,67,87,21.3,overcast clouds,2022-07-21 05:07:53
362,Sitka,US,57.0531,-135.33,55.29,88,100,8.05,light rain,2022-07-21 05:07:53
363,Suleja,NG,9.1758,7.1808,70.0,96,100,1.01,moderate rain,2022-07-21 05:07:53
364,Saint-Pierre,RE,-21.3393,55.4781,71.28,56,20,19.57,few clouds,2022-07-21 05:07:54
365,Coffs Harbour,AU,-30.3,153.1333,62.56,63,100,14.97,overcast clouds,2022-07-21 05:06:31
366,Vila,PT,42.0304,-8.1588,56.28,87,1,4.27,clear sky,2022-07-21 05:07:54
367,Victoria,HK,22.2855,114.1577,95.05,99,9,9.15,clear sky,2022-07-21 05:05:02
368,Kadur,IN,13.5533,76.0131,79.03,65,84,10.45,broken clouds,2022-07-21 05:08:55
369,Seymchan,RU,62.8833,152.4333,47.53,75,100,6.93,overcast clouds,2022-07-21 05:08:55
370,Nandu,CN,22.8525,110.8233,90.59,62,49,4.36,scattered clouds,2022-07-21 05:05:13
371,Honolulu,US,21.3069,-157.8583,82.22,69,40,15.01,scattered clouds,2022-07-21 05:07:52
372,Mosetse,BW,-20.75,26.65,56.66,69,84,9.24,broken clouds,2022-07-21 05:08:56
373,Union,US,40.6334,-74.2663,84.09,70,0,8.05,clear sky,2022-07-21 05:07:58
374,Diapaga,BF,12.0708,1.7889,75.16,77,89,4.76,overcast clouds,2022-07-21 05:08:56
375,Polonnaruwa,LK,7.9333,81.0,93.47,45,85,4.03,overcast clouds,2022-07-21 05:08:57
376,Vao,NC,-22.6667,167.4833,74.16,89,100,12.95,overcast clouds,2022-07-21 05:08:57
377,Dong Hoi,VN,17.4833,106.6,85.66,74,35,7.09,scattered clouds,2022-07-21 05:08:58
378,Tvoroyri,FO,61.5556,-6.8111,49.51,90,60,15.68,broken clouds,2022-07-21 05:08:58
379,Morant Bay,JM,17.8815,-76.4093,78.71,81,11,9.69,few clouds,2022-07-21 05:08:58
380,Bozeman,US,45.6796,-111.0386,68.18,46,7,1.99,clear sky,2022-07-21 05:08:59
381,Umm Lajj,SA,25.0213,37.2685,86.83,65,40,11.7,scattered clouds,2022-07-21 05:08:59
382,Mata De Platano,HN,14.6,-87.2833,63.88,92,97,1.88,overcast clouds,2022-07-21 05:08:59
383,Bonavista,CA,48.6499,-53.1147,59.11,91,100,21.34,overcast clouds,2022-07-21 05:09:00
384,Ornskoldsvik,SE,63.2909,18.7153,58.15,100,100,4.61,fog,2022-07-21 05:09:00
385,Mezen,RU,65.8522,44.24,66.72,59,4,7.36,clear sky,2022-07-21 05:09:00
386,Markova,UA,48.6758,24.4138,63.28,79,44,4.21,scattered clouds,2022-07-21 05:09:01
387,Guiratinga,BR,-16.3494,-53.7583,64.9,46,25,4.76,scattered clouds,2022-07-21 05:09:02
388,Cap Malheureux,MU,-19.9842,57.6142,73.47,62,86,8.01,overcast clouds,2022-07-21 05:09:02
389,San Mauro Torinese,IT,45.1058,7.7545,79.34,64,0,4.61,clear sky,2022-07-21 05:09:02
390,Pingliang,CN,35.5392,106.6861,80.92,47,4,12.35,clear sky,2022-07-21 05:09:03
391,Belen,TR,36.4891,36.2233,77.14,65,0,13.8,clear sky,2022-07-21 05:09:03
392,Osorno,CL,-40.5667,-73.15,32.31,100,20,2.3,mist,2022-07-21 05:09:03
393,Abalak,RU,58.1286,68.5944,63.88,88,100,1.54,light rain,2022-07-21 05:09:05
394,Dingle,PH,10.9995,122.6711,88.39,66,100,4.88,moderate rain,2022-07-21 05:09:05
395,Bilibino,RU,68.0546,166.4372,55.96,36,30,10.8,scattered clouds,2022-07-21 05:09:06
396,Balad,IQ,34.0164,44.1453,99.18,13,0,16.08,clear sky,2022-07-21 05:09:06
397,Jalu,LY,29.0331,21.5482,71.89,55,0,10.33,clear sky,2022-07-21 05:09:07
398,Aktash,RU,50.3,87.7333,50.31,58,96,5.7,overcast clouds,2022-07-21 05:09:07
399,Rio Grande,BR,-32.035,-52.0986,57.94,92,47,13.56,scattered clouds,2022-07-21 05:09:08
400,Plattsburgh,US,44.6995,-73.4529,83.16,69,0,12.66,clear sky,2022-07-21 05:09:08
401,Saint-Francois,FR,46.4154,3.9054,59.68,94,0,2.3,clear sky,2022-07-21 05:09:08
402,Sovetskiy,RU,61.3614,63.5842,66.22,43,100,10.8,overcast clouds,2022-07-21 05:09:09
403,Ewa Beach,US,21.3156,-158.0072,82.35,60,20,15.01,few clouds,2022-07-21 05:09:09
404,Koulikoro,ML,14.0,-7.75,72.18,87,100,5.03,overcast clouds,2022-07-21 05:09:10
405,Bodden Town,KY,19.2833,-81.25,81.93,82,4,1.01,clear sky,2022-07-21 05:09:10
406,Komagane,JP,35.7296,137.9396,84.34,59,98,5.5,overcast clouds,2022-07-21 05:09:10
407,Sirjan,IR,29.452,55.6814,86.83,15,0,2.68,clear sky,2022-07-21 05:09:11
408,Tevaitoa,PF,-16.7833,-151.5,77.52,71,14,13.67,light rain,2022-07-21 05:09:11
409,Oktyabrskiy,RU,54.4815,53.471,65.64,68,63,4.07,broken clouds,2022-07-21 05:09:12
410,Helong,CN,42.5397,128.9972,71.11,93,100,3.24,overcast clouds,2022-07-21 05:09:12
411,Lompoc,US,34.6391,-120.4579,64.54,92,100,6.91,overcast clouds,2022-07-21 05:09:12
412,Zhanaozen,KZ,43.3,52.8,87.67,27,6,20.69,clear sky,2022-07-21 05:09:13
413,Hukeri,IN,16.2333,74.6,76.6,67,93,13.82,overcast clouds,2022-07-21 05:06:11
414,Hobbs,US,32.7026,-103.136,89.06,22,0,8.05,clear sky,2022-07-21 05:09:14
415,Pueblo,US,38.2545,-104.6091,74.16,66,0,6.91,clear sky,2022-07-21 05:09:34
416,Bilma,NE,18.6853,12.9164,85.59,40,55,6.46,broken clouds,2022-07-21 05:10:14
417,Miramar,US,25.9873,-80.2323,85.01,76,0,10.36,clear sky,2022-07-21 05:10:14
418,Ust-Kulom,RU,61.6864,53.6902,66.94,67,82,3.09,broken clouds,2022-07-21 05:10:15
419,Lorengau,PG,-2.0226,147.2712,83.89,68,91,4.07,moderate rain,2022-07-21 05:10:15
420,North Bend,US,43.4065,-124.2243,58.15,97,100,3.44,overcast clouds,2022-07-21 05:10:16
421,General Roca,AR,-39.0333,-67.5833,51.62,55,18,13.47,few clouds,2022-07-21 05:10:16
422,Changde,CN,29.0464,111.6783,93.92,57,99,8.95,overcast clouds,2022-07-21 05:10:17
423,Arrecife,ES,28.963,-13.5477,73.38,78,0,23.02,clear sky,2022-07-21 05:10:17
424,Fereydun Kenar,IR,36.6864,52.5225,80.24,81,100,7.14,overcast clouds,2022-07-21 05:10:17
425,Irbeyskoye,RU,55.6428,95.4522,74.25,45,93,3.96,overcast clouds,2022-07-21 05:10:18
426,Clyde River,CA,70.4692,-68.5914,35.83,100,100,13.8,light rain,2022-07-21 05:07:04
427,Bhadasar,IN,28.2833,74.3167,91.15,60,99,14.0,overcast clouds,2022-07-21 05:07:13
428,Northam,GB,51.0333,-4.2167,58.6,82,4,11.77,clear sky,2022-07-21 05:10:19
429,Cabedelo,BR,-6.9811,-34.8339,74.07,88,97,10.33,overcast clouds,2022-07-21 05:10:19
430,Ishigaki,JP,24.3448,124.1572,85.68,76,37,13.51,scattered clouds,2022-07-21 05:10:19
431,Tres Rios,BR,-22.1167,-43.2092,62.02,93,77,1.36,broken clouds,2022-07-21 05:10:20
432,Kirkwood,US,38.5834,-90.4068,78.94,74,0,3.44,clear sky,2022-07-21 05:10:20
433,Leh,IN,34.1667,77.5833,67.12,9,99,5.21,overcast clouds,2022-07-21 05:10:20
434,Dumai,ID,1.6833,101.45,88.92,61,58,3.15,broken clouds,2022-07-21 05:10:21
435,Gobabis,NA,-22.45,18.9667,46.98,51,0,8.19,clear sky,2022-07-21 05:10:21
436,Rincon,US,32.296,-81.2354,77.86,88,0,6.91,clear sky,2022-07-21 05:10:22
437,Amapa,BR,1.0,-52.0,69.91,99,27,0.89,scattered clouds,2022-07-21 05:10:22
438,Cairns,AU,-16.9167,145.7667,86.07,70,40,12.66,scattered clouds,2022-07-21 05:10:23
439,Maldonado,UY,-34.6667,-54.9167,60.19,97,42,7.4,scattered clouds,2022-07-21 05:07:17
440,Alice Springs,AU,-23.7,133.8833,63.95,25,5,9.22,clear sky,2022-07-21 05:10:23
441,Mae Sai,TH,20.4335,99.8762,82.72,86,100,1.88,overcast clouds,2022-07-21 05:10:23
442,Nouadhibou,MR,20.931,-17.0347,67.48,95,1,11.7,clear sky,2022-07-21 05:10:24
443,Panguna,PG,-6.3164,155.4848,79.41,64,98,2.55,overcast clouds,2022-07-21 05:10:24
444,Yabrud,SY,33.9674,36.6574,71.35,27,0,0.4,clear sky,2022-07-21 05:10:25
445,Sana,YE,15.3547,44.2067,67.73,47,96,2.82,overcast clouds,2022-07-21 05:10:25
446,Mushie,CD,-3.0167,16.9,72.16,82,8,4.09,clear sky,2022-07-21 05:10:25
447,Waipawa,NZ,-41.4122,175.5153,43.48,93,100,26.82,moderate rain,2022-07-21 05:10:26
448,Abu Dhabi,AE,24.4667,54.3667,100.42,54,0,5.75,clear sky,2022-07-21 05:06:44
449,Burns Lake,CA,54.2331,-125.7533,56.7,66,32,3.62,scattered clouds,2022-07-21 05:10:26
450,Sioux Lookout,CA,50.1001,-91.917,64.04,82,10,9.4,clear sky,2022-07-21 05:10:27
451,Zhangye,CN,38.9342,100.4517,61.54,53,100,2.24,overcast clouds,2022-07-21 05:10:27
452,Fairbanks,US,64.8378,-147.7164,66.22,58,75,3.44,broken clouds,2022-07-21 05:06:29
453,Yulara,AU,-25.2406,130.9889,68.18,23,6,9.04,clear sky,2022-07-21 05:10:28
454,Haimen,CN,23.1935,116.6142,89.11,66,19,7.78,few clouds,2022-07-21 05:10:28
455,Camargo,MX,27.6667,-105.1667,90.82,16,49,2.24,scattered clouds,2022-07-21 05:10:28
456,Izhma,RU,65.0083,53.9113,71.76,47,86,6.29,overcast clouds,2022-07-21 05:10:29
457,Bridgetown,BB,13.1,-59.6167,81.09,89,20,18.41,few clouds,2022-07-21 05:07:32
458,Poli,TZ,-3.3333,36.8,53.4,74,20,3.87,few clouds,2022-07-21 05:10:29
459,Santona,ES,43.4439,-3.4576,71.91,89,11,4.56,few clouds,2022-07-21 05:10:30
460,Iquitos,PE,-3.7481,-73.2472,77.04,94,75,2.3,broken clouds,2022-07-21 05:11:30
461,Bose,IT,45.4612,8.0137,75.29,71,21,4.74,few clouds,2022-07-21 05:11:31
462,San Quintin,MX,30.4833,-115.95,69.67,79,3,8.7,clear sky,2022-07-21 05:11:31
463,Uncia,BO,-18.467,-66.5685,43.43,22,41,2.64,scattered clouds,2022-07-21 05:11:32
464,Guerrero Negro,MX,27.9769,-114.0611,69.75,77,32,13.96,scattered clouds,2022-07-21 05:08:32
465,Aksarka,RU,66.5606,67.7975,59.54,47,37,17.94,scattered clouds,2022-07-21 05:11:32
466,Metro,ID,-5.1131,105.3067,87.17,63,32,6.29,scattered clouds,2022-07-21 05:11:33
467,Kouqian,CN,43.6391,126.4578,76.06,82,100,3.58,heavy intensity rain,2022-07-21 05:11:33
468,Watertown,US,42.3709,-71.1828,81.32,75,0,6.91,clear sky,2022-07-21 05:11:33
469,Sorada,IN,19.75,84.4333,90.36,59,100,2.17,light rain,2022-07-21 05:11:34
470,Qaqortoq,GL,60.7167,-46.0333,46.26,96,71,4.03,broken clouds,2022-07-21 05:11:34
471,Champerico,GT,14.3,-91.9167,80.76,82,100,6.91,overcast clouds,2022-07-21 05:11:34
472,Menongue,AO,-14.6585,17.691,45.09,57,7,4.59,clear sky,2022-07-21 05:11:35
473,Mitsamiouli,KM,-11.3847,43.2844,75.76,62,0,10.6,clear sky,2022-07-21 05:11:35
474,Touros,BR,-5.1989,-35.4608,72.37,93,96,8.23,overcast clouds,2022-07-21 05:11:36
475,Plouzane,FR,48.3833,-4.6167,60.85,83,100,5.75,overcast clouds,2022-07-21 05:11:36
476,Chifeng,CN,42.2683,118.9636,81.82,49,100,11.74,overcast clouds,2022-07-21 05:11:36
477,Kapoeta,SS,4.7717,33.5903,73.78,65,62,13.24,broken clouds,2022-07-21 05:11:37
478,Catamarca,AR,-28.4696,-65.7852,65.59,51,99,0.67,overcast clouds,2022-07-21 05:10:48
479,Horta,PT,38.5333,-28.6333,71.33,87,14,3.78,few clouds,2022-07-21 05:11:37
480,Batagay-Alyta,RU,67.8006,130.4114,58.08,58,98,5.82,overcast clouds,2022-07-21 05:11:02
481,Meadow Lake,US,34.8014,-106.5436,81.68,44,81,10.54,broken clouds,2022-07-21 05:11:38
482,Guanica,PR,17.9716,-66.908,82.06,85,21,5.01,few clouds,2022-07-21 05:11:38
483,Namie,JP,37.4833,141.0,75.97,87,100,3.56,overcast clouds,2022-07-21 05:11:38
484,Bacolod,PH,10.6667,122.95,85.26,75,100,4.03,heavy intensity rain,2022-07-21 05:11:39
485,Gewane,ET,10.1664,40.6453,75.06,68,100,14.94,overcast clouds,2022-07-21 05:11:39
486,Ngorongoro,TZ,-3.2397,35.4875,46.69,79,88,8.19,overcast clouds,2022-07-21 05:11:40
487,Atar,MR,20.5169,-13.0499,79.3,63,24,7.47,few clouds,2022-07-21 05:11:40
488,Jieshi,CN,22.8134,115.8257,87.04,70,15,6.33,few clouds,2022-07-21 05:11:40
489,Muzhi,RU,65.3667,64.6667,68.23,42,47,7.87,scattered clouds,2022-07-21 05:11:41
490,Tilichiki,RU,60.4667,166.1,64.85,40,8,9.42,clear sky,2022-07-21 05:11:41
491,Klichka,RU,50.4457,117.996,80.87,51,62,6.17,broken clouds,2022-07-21 05:11:41
492,Lavrentiya,RU,65.5833,-171.0,39.87,74,100,20.8,overcast clouds,2022-07-21 05:11:42
493,Safaga,EG,26.7292,33.9365,88.03,33,0,19.86,clear sky,2022-07-21 05:11:42
494,Milos,GR,36.75,24.4333,73.69,68,0,26.37,clear sky,2022-07-21 05:11:42
495,Narsaq,GL,60.9167,-46.05,46.62,94,68,3.18,broken clouds,2022-07-21 05:11:43
496,Plettenberg Bay,ZA,-34.0527,23.3716,51.48,84,0,5.68,clear sky,2022-07-21 05:11:43
497,Tortoli,IT,39.9256,9.6572,80.71,46,0,4.07,clear sky,2022-07-21 05:11:44
498,Longyearbyen,SJ,78.2186,15.6401,51.64,82,75,9.22,broken clouds,2022-07-21 05:11:44
499,Makakilo City,US,21.3469,-158.0858,80.92,60,20,14.97,few clouds,2022-07-21 05:07:52
500,Desaguadero,PE,-16.5656,-69.0417,39.63,47,24,2.06,few clouds,2022-07-21 05:11:44
501,Mutoko,ZW,-17.397,32.2268,55.83,78,82,7.49,broken clouds,2022-07-21 05:11:45
502,Nizhniy Kuranakh,RU,58.8353,125.4869,77.36,53,41,6.31,scattered clouds,2022-07-21 05:11:45
503,La Palma,US,33.8464,-118.0467,80.91,72,0,4.61,clear sky,2022-07-21 05:11:10
504,Itoman,JP,26.1247,127.6694,89.62,79,20,10.36,few clouds,2022-07-21 05:11:46
505,Ahipara,NZ,-35.1667,173.1667,56.52,66,12,17.34,few clouds,2022-07-21 05:11:46
506,Haines Junction,CA,60.7522,-137.5108,49.77,68,67,5.41,broken clouds,2022-07-21 05:11:46
507,Picota,PE,-6.9197,-76.3304,73.38,80,82,0.45,broken clouds,2022-07-21 05:12:47
508,Burlington,US,39.8835,-74.6413,81.84,76,0,3.44,clear sky,2022-07-21 05:09:01
509,Pemba,MZ,-12.974,40.5178,65.1,94,20,5.75,few clouds,2022-07-21 05:12:47
510,Nabire,ID,-3.3667,135.4833,86.34,63,88,4.92,overcast clouds,2022-07-21 05:12:48
511,Saint John,CA,45.2727,-66.0677,61.39,80,2,1.19,clear sky,2022-07-21 05:07:52
512,Tsabong,BW,-26.0217,22.401,53.15,64,4,9.33,clear sky,2022-07-21 05:12:48
513,Bairiki,KI,1.3292,172.9752,82.4,83,75,5.75,broken clouds,2022-07-21 05:12:49
514,Nizhniy Tsasuchey,RU,50.5167,115.1333,82.02,40,0,5.21,clear sky,2022-07-21 05:12:49
515,Sungaipenuh,ID,-2.0833,101.3833,80.87,52,94,3.36,overcast clouds,2022-07-21 05:12:49
516,Leshukonskoye,RU,64.8989,45.7622,71.76,53,38,5.32,scattered clouds,2022-07-21 05:12:50
517,Vagur,FO,61.4732,-6.8119,48.87,90,71,15.28,broken clouds,2022-07-21 05:12:50
518,Palora,EC,-1.7,-77.9333,62.87,91,100,2.68,overcast clouds,2022-07-21 05:12:51
519,Nosy Varika,MG,-20.5833,48.5333,69.55,75,66,9.75,light rain,2022-07-21 05:12:51
520,Jiuquan,CN,39.7432,98.5174,72.84,26,57,12.41,broken clouds,2022-07-21 05:12:51
521,Shiyan,CN,32.6475,110.7781,97.41,49,17,5.7,few clouds,2022-07-21 05:12:52
522,Springbok,ZA,-29.6643,17.8865,42.26,61,0,6.31,clear sky,2022-07-21 05:12:52
523,Kununurra,AU,-15.7667,128.7333,89.58,15,15,8.05,few clouds,2022-07-21 05:12:53
524,La Rioja,ES,42.25,-2.5,55.18,71,0,2.82,clear sky,2022-07-21 05:12:53
525,Paceco,IT,37.9787,12.5566,81.57,67,0,2.21,clear sky,2022-07-21 05:12:54
526,Mastic Beach,US,40.7668,-72.8521,79.99,88,1,11.01,clear sky,2022-07-21 05:12:54
527,La Asuncion,VE,11.0333,-63.8628,78.19,89,15,9.95,few clouds,2022-07-21 05:12:54
528,Dhoraji,IN,21.7333,70.45,84.36,74,87,17.18,overcast clouds,2022-07-21 05:12:55
529,Nadvoitsy,RU,63.8667,34.3167,65.82,67,1,7.14,clear sky,2022-07-21 05:12:55
530,Sao Miguel Do Tapuio,BR,-5.5036,-41.3233,65.75,76,33,2.15,scattered clouds,2022-07-21 05:12:55
531,Barcelos,PT,41.5388,-8.6151,70.92,76,0,1.54,clear sky,2022-07-21 05:12:56
532,Isangel,VU,-19.55,169.2667,78.69,73,96,10.09,overcast clouds,2022-07-21 05:12:56
533,Yeniseysk,RU,58.4497,92.1703,67.96,63,74,4.54,light rain,2022-07-21 05:12:57
534,Soyo,AO,-6.1349,12.3689,68.13,95,11,6.29,few clouds,2022-07-21 05:12:57
535,Ostrogozhsk,RU,50.8664,39.0756,56.34,89,92,13.87,overcast clouds,2022-07-21 05:12:57
536,Koceljeva,RS,44.4736,19.8117,69.37,34,1,3.71,clear sky,2022-07-21 05:12:58
537,Tomatlan,MX,19.9333,-105.25,78.96,85,49,3.78,scattered clouds,2022-07-21 05:12:58
538,Asilah,MA,35.465,-6.0348,76.96,78,0,5.79,clear sky,2022-07-21 05:12:59
539,Emporia,US,38.4039,-96.1817,77.2,57,0,4.61,clear sky,2022-07-21 05:12:59
540,Port Keats,AU,-14.25,129.55,87.08,31,72,6.22,broken clouds,2022-07-21 05:12:59
541,Pasighat,IN,28.0667,95.3333,82.47,88,100,2.66,light rain,2022-07-21 05:13:00
542,Uige,AO,-7.6087,15.0613,58.26,93,5,1.48,clear sky,2022-07-21 05:13:00
543,Sao Jose Da Coroa Grande,BR,-8.8978,-35.1478,74.12,89,100,10.4,overcast clouds,2022-07-21 05:13:01
544,Nemuro,JP,43.3236,145.575,60.37,86,57,10.22,broken clouds,2022-07-21 05:13:01
545,Koutiala,ML,12.3917,-5.4642,73.22,90,65,9.48,broken clouds,2022-07-21 05:13:01
546,Westport,US,41.1415,-73.3579,81.28,87,0,4.61,clear sky,2022-07-21 05:08:29
547,Burnie,AU,-41.0667,145.9167,55.92,66,89,12.01,overcast clouds,2022-07-21 05:13:02
548,Rapid Valley,US,44.0625,-103.1463,76.44,41,0,5.75,clear sky,2022-07-21 05:13:02
549,Voznesenye,RU,61.0106,35.4781,64.99,82,8,8.84,clear sky,2022-07-21 05:13:03
550,Linhares,BR,-19.3911,-40.0722,66.72,96,58,3.65,broken clouds,2022-07-21 05:12:04
551,Nsukka,NG,6.8561,7.3927,66.69,96,100,4.63,overcast clouds,2022-07-21 05:13:03
552,Queimadas,BR,-10.9783,-39.6264,62.26,94,46,5.97,scattered clouds,2022-07-21 05:14:04
553,Baiyin,CN,36.5583,104.2081,63.52,56,100,24.29,light rain,2022-07-21 05:14:04
554,Finschhafen,PG,-6.6024,147.8681,83.8,69,53,5.84,broken clouds,2022-07-21 05:14:04
555,Xapuri,BR,-10.6517,-68.5044,69.78,57,0,0.6,clear sky,2022-07-21 05:14:05
556,Kaeo,NZ,-35.1,173.7833,55.33,80,4,12.48,clear sky,2022-07-21 05:14:05
557,Hwange,ZW,-18.3693,26.5019,58.53,63,50,1.77,scattered clouds,2022-07-21 05:14:05
558,Nieuw Amsterdam,SR,5.8833,-55.0833,78.03,91,21,5.46,few clouds,2022-07-21 05:14:06
559,Baraboo,US,43.4711,-89.7443,71.49,76,0,4.61,clear sky,2022-07-21 05:14:06
560,Tucupita,VE,9.0622,-62.051,72.66,99,100,2.68,overcast clouds,2022-07-21 05:14:06
561,San Pedro De Macoris,DO,18.4616,-69.2972,77.4,89,3,11.1,clear sky,2022-07-21 05:14:07
562,Mahajanga,MG,-15.7167,46.3167,71.19,61,7,15.37,clear sky,2022-07-21 05:13:25
563,Broome,US,42.2506,-75.833,78.85,68,0,8.99,clear sky,2022-07-21 05:14:07
564,Beloha,MG,-25.1667,45.05,64.87,53,0,4.59,clear sky,2022-07-21 05:14:08
565,Brokopondo,SR,4.75,-55.1667,75.33,89,52,6.08,broken clouds,2022-07-21 05:14:08
566,Qorveh,IR,35.1664,47.8045,82.87,14,0,3.74,clear sky,2022-07-21 05:14:09
567,San Benito,US,36.6166,-121.0844,66.87,36,0,4.38,clear sky,2022-07-21 05:14:09
568,Pochutla,MX,15.7432,-96.4661,79.83,91,69,3.47,broken clouds,2022-07-21 05:14:09
569,Geraldton,AU,-28.7667,114.6,64.81,82,100,24.16,overcast clouds,2022-07-21 05:14:10
570,Khvalynsk,RU,52.4906,48.1058,67.14,65,83,6.62,broken clouds,2022-07-21 05:14:10
571,Nacala,MZ,-14.5428,40.6728,69.22,79,41,4.76,light rain,2022-07-21 05:14:10
572,Padang,ID,-0.9492,100.3543,86.05,68,34,6.04,scattered clouds,2022-07-21 05:14:11
573,Sur,OM,22.5667,59.5289,88.21,66,75,8.32,broken clouds,2022-07-21 05:14:11
574,Deputatskiy,RU,69.3,139.9,53.19,54,67,18.39,broken clouds,2022-07-21 05:14:11
575,Barguzin,RU,53.6167,109.6167,73.08,50,87,1.99,overcast clouds,2022-07-21 05:14:12
576,Saint-Louis,SN,16.3333,-15.0,78.78,74,88,12.48,overcast clouds,2022-07-21 05:14:12
577,Fare,PF,-16.7,-151.0167,76.75,73,8,11.12,light rain,2022-07-21 05:14:12
578,Ostrovnoy,RU,68.0531,39.5131,53.44,80,21,4.16,few clouds,2022-07-21 05:14:13
579,Tinyahuarco,PE,-10.75,-76.3,29.82,89,5,2.44,clear sky,2022-07-21 05:14:13
580,Vanimo,PG,-2.6741,141.3028,85.69,68,51,12.68,broken clouds,2022-07-21 05:14:14
581,Matadi,CD,-5.8167,13.45,66.6,98,25,2.39,scattered clouds,2022-07-21 05:14:14
582,Nantucket,US,41.2835,-70.0995,75.99,97,0,6.91,mist,2022-07-21 05:12:00
583,Koboko,UG,3.4136,30.9599,63.86,89,65,1.5,broken clouds,2022-07-21 05:14:14
584,Sistranda,NO,63.7256,8.834,53.56,94,100,12.57,overcast clouds,2022-07-21 05:14:15
585,Camacha,PT,33.0833,-16.3333,67.42,73,75,12.66,broken clouds,2022-07-21 05:14:15
586,Bolshoye Selo,RU,57.7177,38.9334,58.1,93,95,8.32,overcast clouds,2022-07-21 05:14:15
587,Pacifica,US,37.6138,-122.4869,62.73,94,75,13.8,mist,2022-07-21 05:11:04
588,Port Hedland,AU,-20.3167,118.5667,86.05,21,6,5.75,clear sky,2022-07-21 05:14:16
589,Balikpapan,ID,-1.2675,116.8289,86.99,74,20,3.44,few clouds,2022-07-21 05:13:21
590,Zyryanskoye,RU,56.8306,86.6258,62.87,85,100,6.98,overcast clouds,2022-07-21 05:14:17
591,Atambua,ID,-9.1061,124.8925,81.59,61,47,1.5,scattered clouds,2022-07-21 05:14:17
592,Marsh Harbour,BS,26.5412,-77.0636,82.2,74,9,13.38,clear sky,2022-07-21 05:14:18
593,Comodoro Rivadavia,AR,-45.8667,-67.5,39.06,48,0,28.77,clear sky,2022-07-21 05:14:18
594,Indiaroba,BR,-11.5192,-37.5117,69.69,92,47,2.93,scattered clouds,2022-07-21 05:14:18
595,Douentza,ML,14.9951,-2.9517,80.28,72,81,10.27,light rain,2022-07-21 05:14:19
596,Nedjo,ET,9.5046,35.5019,57.04,99,100,1.63,overcast clouds,2022-07-21 05:14:19
597,Te Anau,NZ,-45.4167,167.7167,41.31,89,90,2.75,overcast clouds,2022-07-21 05:14:20
598,Saint-Joseph,RE,-21.3667,55.6167,70.18,72,20,16.2,few clouds,2022-07-21 05:14:20
599,Cayenne,GF,4.9333,-52.3333,78.1,1,0,0.0,clear sky,2022-07-21 05:14:20
600,Kars,TR,40.602,43.095,64.85,72,0,2.3,clear sky,2022-07-21 05:15:21
601,Hualmay,PE,-11.0964,-77.6139,60.94,86,44,9.31,scattered clouds,2022-07-21 05:15:21
602,Vredendal,ZA,-31.6683,18.5012,43.52,86,0,3.09,clear sky,2022-07-21 05:15:22
603,Celestun,MX,20.8667,-90.4,81.28,77,72,14.63,broken clouds,2022-07-21 05:15:22
604,Batticaloa,LK,7.7102,81.6924,85.87,66,100,3.13,overcast clouds,2022-07-21 05:15:23
605,Estelle,US,29.8458,-90.1067,84.2,84,0,4.61,clear sky,2022-07-21 05:11:06
606,Farafangana,MG,-22.8167,47.8333,68.5,81,74,8.9,light rain,2022-07-21 05:15:23
607,Dakar,SN,14.6937,-17.4441,79.68,81,100,11.65,overcast clouds,2022-07-21 05:15:24
608,Baykit,RU,61.67,96.37,72.07,43,34,4.54,scattered clouds,2022-07-21 05:15:24
609,Genhe,CN,50.7833,121.5167,89.55,24,0,3.98,clear sky,2022-07-21 05:15:24
610,Zhigansk,RU,66.7697,123.3711,61.05,62,100,8.7,overcast clouds,2022-07-21 05:15:25
611,Lodwar,KE,3.1191,35.5973,75.47,57,58,11.9,broken clouds,2022-07-21 05:15:25
612,Port-Cartier,CA,50.0334,-66.8654,64.08,70,13,6.78,few clouds,2022-07-21 05:15:26
613,Tabuk,PH,17.4189,121.4443,88.45,64,89,4.05,overcast clouds,2022-07-21 05:15:26
614,High Prairie,CA,55.4334,-116.4858,59.34,65,83,5.82,broken clouds,2022-07-21 05:15:26
615,Itamaraju,BR,-17.0392,-39.5311,62.08,97,15,2.3,few clouds,2022-07-21 05:15:27
616,Pangoa,PE,-12.1167,-73.0,69.04,83,68,2.33,broken clouds,2022-07-21 05:15:27
617,Torres,BR,-29.3353,-49.7269,67.82,95,1,6.85,clear sky,2022-07-21 05:15:28
618,Karratha,AU,-20.7377,116.8463,79.88,31,5,5.73,clear sky,2022-07-21 05:15:28
619,Quang Ngai,VN,15.1167,108.8,85.17,66,97,7.2,overcast clouds,2022-07-21 05:14:28
620,Lamu,KE,-2.2717,40.902,73.62,81,36,15.26,light rain,2022-07-21 05:15:28
621,Tiarei,PF,-17.5333,-149.3333,75.22,75,8,11.43,clear sky,2022-07-21 05:15:29
622,Muroto,JP,33.2833,134.15,82.44,77,99,5.66,overcast clouds,2022-07-21 05:15:29
623,San Pedro,PH,14.35,121.0167,85.23,74,75,4.61,moderate rain,2022-07-21 05:15:30
624,Blairmore,CA,49.6,-114.4353,69.67,59,1,6.67,clear sky,2022-07-21 05:15:30
625,Dudinka,RU,69.4058,86.1778,52.68,90,100,9.46,light rain,2022-07-21 05:15:30
626,Biak,ID,-0.9131,122.8766,81.73,76,30,4.79,scattered clouds,2022-07-21 05:15:31
627,Inhambane,MZ,-23.865,35.3833,58.98,100,20,4.61,fog,2022-07-21 05:15:31
628,Belaya Gora,RU,68.5333,146.4167,62.47,41,24,7.65,few clouds,2022-07-21 05:15:32
629,Qarqin,AF,37.4185,66.0436,98.96,11,0,7.4,clear sky,2022-07-21 05:15:32
630,Hassleholm,SE,56.1591,13.7664,72.25,71,17,4.52,few clouds,2022-07-21 05:15:32
631,Arman,RU,59.7,150.1667,80.02,71,31,6.35,scattered clouds,2022-07-21 05:15:33
632,Qianjiang,CN,30.4151,112.8859,88.21,73,100,7.61,overcast clouds,2022-07-21 05:15:33
633,Intipuca,SV,13.1969,-88.0544,82.35,79,100,3.04,overcast clouds,2022-07-21 05:15:34
634,Mackay,AU,-21.15,149.2,65.21,90,99,9.13,overcast clouds,2022-07-21 05:15:34
635,Saryg-Sep,RU,51.5,95.6,76.96,27,3,3.62,clear sky,2022-07-21 05:15:34
636,Pemangkat,ID,1.1667,108.9667,85.64,70,53,9.82,broken clouds,2022-07-21 05:15:35
637,Ust-Maya,RU,60.4167,134.5333,85.86,32,86,9.71,overcast clouds,2022-07-21 05:15:35
638,Filadelfia,US,39.9523,-75.1638,82.65,76,20,3.44,few clouds,2022-07-21 05:12:42
639,Thinadhoo,MV,0.5333,72.9333,80.17,74,100,2.33,overcast clouds,2022-07-21 05:15:36
640,Kiama,AU,-34.6833,150.8667,60.58,74,88,3.0,light rain,2022-07-21 05:15:36
641,Salur,IN,18.5333,83.2167,87.82,62,100,2.51,overcast clouds,2022-07-21 05:15:36
642,Wajir,KE,1.7471,40.0573,71.69,69,14,14.92,few clouds,2022-07-21 05:15:37
643,Kalmunai,LK,7.4167,81.8167,87.04,64,98,4.25,overcast clouds,2022-07-21 05:15:37
644,Aranos,NA,-24.1333,19.1167,46.65,52,0,5.44,clear sky,2022-07-21 05:15:38
645,Samana,DO,19.2056,-69.3369,78.78,88,22,10.09,few clouds,2022-07-21 05:16:38
646,Los Llanos De Aridane,ES,28.6585,-17.9182,65.95,88,0,17.27,clear sky,2022-07-21 05:16:38
647,Middletown,US,39.5151,-84.3983,78.21,86,0,6.91,clear sky,2022-07-21 05:13:19
648,Kohlu,PK,29.8962,69.252,87.06,55,7,4.72,clear sky,2022-07-21 05:16:39
649,Peleduy,RU,59.6289,112.7406,70.41,59,100,5.08,overcast clouds,2022-07-21 05:16:39
650,Shache,CN,38.4167,77.2406,91.24,13,0,3.74,clear sky,2022-07-21 05:16:39
651,Vanino,RU,49.0869,140.2543,62.8,79,93,6.49,overcast clouds,2022-07-21 05:16:40
652,Takoradi,GH,4.8845,-1.7554,72.19,76,21,6.44,few clouds,2022-07-21 05:16:40
653,Havre-Saint-Pierre,CA,50.2334,-63.5986,59.36,82,0,2.3,clear sky,2022-07-21 05:16:41
654,Sola,VU,-13.8833,167.55,81.18,79,18,17.72,few clouds,2022-07-21 05:16:41
655,Bartica,GY,6.4,-58.6167,75.52,99,86,1.5,overcast clouds,2022-07-21 05:16:41
656,Sainte-Rose,GP,16.3324,-61.6979,77.18,100,75,5.75,broken clouds,2022-07-21 05:16:42
657,Axim,GH,4.8699,-2.2405,72.05,75,18,5.77,few clouds,2022-07-21 05:16:42
658,Marzuq,YE,14.4,46.4667,78.31,51,77,7.99,broken clouds,2022-07-21 05:16:42
659,Kargasok,RU,59.0556,80.8572,69.39,55,100,5.41,overcast clouds,2022-07-21 05:16:43
660,Pascagoula,US,30.3658,-88.5561,86.05,88,0,3.44,clear sky,2022-07-21 05:16:43
661,Mabaruma,GY,8.2,-59.7833,72.01,98,99,1.3,overcast clouds,2022-07-21 05:16:43
662,Snyder,US,32.7179,-100.9176,91.74,25,0,6.91,clear sky,2022-07-21 05:16:44
663,Mercedes,AR,-34.6515,-59.4307,50.04,89,0,6.15,clear sky,2022-07-21 05:16:44
664,Syracuse,IT,37.0881,15.2792,74.79,64,0,4.0,clear sky,2022-07-21 05:15:10
665,Chiman,PK,32.5463,73.8138,77.56,95,100,11.07,moderate rain,2022-07-21 05:16:45
666,Vila Franca Do Campo,PT,37.7167,-25.4333,74.19,89,49,0.83,scattered clouds,2022-07-21 05:16:45
667,Kamenka,RU,51.3223,42.7678,60.64,85,99,13.15,light rain,2022-07-21 05:16:45
668,Kantunilkin,MX,21.0917,-87.45,74.91,93,11,2.57,few clouds,2022-07-21 05:16:46
669,Husavik,IS,66.0449,-17.3389,45.68,86,58,3.98,broken clouds,2022-07-21 05:16:46
670,Saint-Paul,RE,-21.0096,55.2707,71.74,61,10,2.39,clear sky,2022-07-21 05:16:47
671,Port Blair,IN,11.6667,92.75,84.24,84,100,11.5,moderate rain,2022-07-21 05:16:47
672,Teahupoo,PF,-17.8333,-149.2667,69.76,76,15,10.02,light rain,2022-07-21 05:16:47
673,Bondo,CD,3.8146,23.6866,68.14,98,94,1.45,overcast clouds,2022-07-21 05:16:48
674,Kharp,RU,66.8014,65.8081,64.35,53,63,4.14,broken clouds,2022-07-21 05:16:48
675,Quisqueya,DO,18.5554,-69.4081,75.0,94,8,7.0,clear sky,2022-07-21 05:16:48
676,Uray,RU,60.1247,64.7758,61.39,81,95,7.83,light rain,2022-07-21 05:16:49
677,Xuddur,SO,4.1213,43.8894,71.91,67,15,21.03,few clouds,2022-07-21 05:16:49
678,Kologriv,RU,58.8275,44.3178,63.01,69,25,6.33,scattered clouds,2022-07-21 05:16:49
679,Lalibela,ET,12.0333,39.0333,56.14,87,100,2.26,light rain,2022-07-21 05:16:19
